Run ID,1576846886
Run Date/Time,2019-12-20 13:01:52
Application Name,Labcyte Echo Plate Reformat
Application Version,1.7.2
Protocol Name,Protocol 1.epr
Order ID,
Reference ID,
User Name,Lab

[DETAILS]
Date Time Point,Source Plate Name,Source Plate Barcode,Source Plate Type,Source Well,Destination Plate Name,Destination Plate Barcode,Destination Plate Type,Destination Well,Transfer Volume,Actual Volume,Sample ID,Sample Name,Survey Fluid Volume,Current Fluid Volume,Fluid Composition,Fluid Units,Fluid Type,Transfer Status
2019-12-20 13:02:32.256,Source[1],,384PP_DMSO2,A1,Destination[1],,384PP_Dest,A1,1000,1000,,,62.794,61.794,99.701,Percent,DMSO,
2019-12-20 13:02:35.383,Source[1],,384PP_DMSO2,A1,Destination[1],,384PP_Dest,B1,997.5,997.5,,,62.794,60.797,99.701,Percent,DMSO,
2019-12-20 13:02:37.578,Source[1],,384PP_DMSO2,B1,Destination[1],,384PP_Dest,B1,2.5,2.5,,,61.971,61.968,94.385,Percent,DMSO,
2019-12-20 13:02:37.783,Source[1],,384PP_DMSO2,B1,Destination[1],,384PP_Dest,C1,22.5,22.5,,,61.971,61.946,94.385,Percent,DMSO,
2019-12-20 13:02:38.028,Source[1],,384PP_DMSO2,A1,Destination[1],,384PP_Dest,C1,977.5,977.5,,,62.794,59.819,99.701,Percent,DMSO,
2019-12-20 13:02:40.183,Source[1],,384PP_DMSO2,A1,Destination[1],,384PP_Dest,D1,922.5,922.5,,,62.794,58.897,99.701,Percent,DMSO,
2019-12-20 13:02:42.228,Source[1],,384PP_DMSO2,B1,Destination[1],,384PP_Dest,D1,77.5,77.5,,,61.971,61.868,94.385,Percent,DMSO,
2019-12-20 13:02:42.582,Source[1],,384PP_DMSO2,B1,Destination[1],,384PP_Dest,E1,187.5,187.5,,,61.971,61.681,94.385,Percent,DMSO,
2019-12-20 13:02:43.156,Source[1],,384PP_DMSO2,A1,Destination[1],,384PP_Dest,E1,812.5,812.5,,,62.794,58.084,99.701,Percent,DMSO,
2019-12-20 13:02:44.981,Source[1],,384PP_DMSO2,A1,Destination[1],,384PP_Dest,E2,812.5,812.5,,,62.794,57.272,99.701,Percent,DMSO,
2019-12-20 13:02:46.806,Source[1],,384PP_DMSO2,B1,Destination[1],,384PP_Dest,E2,187.5,187.5,,,61.971,61.493,94.385,Percent,DMSO,
2019-12-20 13:02:47.381,Source[1],,384PP_DMSO2,B1,Destination[1],,384PP_Dest,D2,77.5,77.5,,,61.971,61.416,94.385,Percent,DMSO,
2019-12-20 13:02:47.736,Source[1],,384PP_DMSO2,A1,Destination[1],,384PP_Dest,D2,922.5,922.5,,,62.794,56.349,99.701,Percent,DMSO,
2019-12-20 13:02:49.780,Source[1],,384PP_DMSO2,A1,Destination[1],,384PP_Dest,C2,977.5,977.5,,,62.794,55.372,99.701,Percent,DMSO,
2019-12-20 13:02:51.936,Source[1],,384PP_DMSO2,B1,Destination[1],,384PP_Dest,C2,22.5,22.5,,,61.971,61.393,94.385,Percent,DMSO,
2019-12-20 13:02:52.181,Source[1],,384PP_DMSO2,B1,Destination[1],,384PP_Dest,B2,2.5,2.5,,,61.971,61.391,94.385,Percent,DMSO,
2019-12-20 13:02:52.386,Source[1],,384PP_DMSO2,A1,Destination[1],,384PP_Dest,B2,997.5,997.5,,,62.794,54.374,99.701,Percent,DMSO,
2019-12-20 13:02:54.580,Source[1],,384PP_DMSO2,A1,Destination[1],,384PP_Dest,A2,1000,1000,,,62.794,53.374,99.701,Percent,DMSO,
2019-12-20 13:02:56.779,Source[1],,384PP_DMSO2,B1,Destination[1],,384PP_Dest,F1,365,365,,,61.971,61.026,94.385,Percent,DMSO,
2019-12-20 13:03:17.521,Source[1],,384PP_DMSO2,A1,Destination[1],,384PP_Dest,F1,635,635,,,53.838,53.203,99.701,Percent,DMSO,
2019-12-20 13:03:19.184,Source[1],,384PP_DMSO2,A1,Destination[1],,384PP_Dest,G1,370,370,,,53.838,52.833,99.701,Percent,DMSO,
2019-12-20 13:03:20.123,Source[1],,384PP_DMSO2,B1,Destination[1],,384PP_Dest,G1,630,630,,,61.456,60.826,92.687,Percent,DMSO,
2019-12-20 13:03:21.583,Source[1],,384PP_DMSO2,B1,Destination[1],,384PP_Dest,H1,1000,1000,,,61.456,59.826,92.687,Percent,DMSO,
2019-12-20 13:03:23.782,Source[1],,384PP_DMSO2,B1,Destination[1],,384PP_Dest,H2,1000,1000,,,61.456,58.826,92.687,Percent,DMSO,
2019-12-20 13:03:25.982,Source[1],,384PP_DMSO2,B1,Destination[1],,384PP_Dest,G2,630,630,,,61.456,58.196,92.687,Percent,DMSO,
2019-12-20 13:03:27.443,Source[1],,384PP_DMSO2,A1,Destination[1],,384PP_Dest,G2,370,370,,,53.838,52.463,99.701,Percent,DMSO,
2019-12-20 13:03:28.383,Source[1],,384PP_DMSO2,A1,Destination[1],,384PP_Dest,F2,635,635,,,53.838,51.828,99.701,Percent,DMSO,
2019-12-20 13:03:29.852,Source[1],,384PP_DMSO2,B1,Destination[1],,384PP_Dest,F2,365,365,,,61.456,57.831,92.687,Percent,DMSO,
2019-12-20 13:03:30.782,Source[1],,384PP_DMSO2,A1,Destination[1],,384PP_Dest,I2,1000,1000,,,53.838,50.828,99.701,Percent,DMSO,
2019-12-20 13:03:33.048,Source[1],,384PP_DMSO2,A1,Destination[1],,384PP_Dest,J2,997.5,997.5,,,53.838,49.831,99.701,Percent,DMSO,
2019-12-20 13:03:35.242,Source[1],,384PP_DMSO2,B1,Destination[1],,384PP_Dest,J2,2.5,2.5,,,61.456,57.828,92.687,Percent,DMSO,
2019-12-20 13:03:35.447,Source[1],,384PP_DMSO2,B1,Destination[1],,384PP_Dest,K2,22.5,22.5,,,61.456,57.806,92.687,Percent,DMSO,
2019-12-20 13:03:35.691,Source[1],,384PP_DMSO2,A1,Destination[1],,384PP_Dest,K2,977.5,977.5,,,53.838,48.853,99.701,Percent,DMSO,
2019-12-20 13:03:37.846,Source[1],,384PP_DMSO2,A1,Destination[1],,384PP_Dest,L2,922.5,922.5,,,53.838,47.931,99.701,Percent,DMSO,
2019-12-20 13:03:39.891,Source[1],,384PP_DMSO2,B1,Destination[1],,384PP_Dest,L2,77.5,77.5,,,61.456,57.728,92.687,Percent,DMSO,
2019-12-20 13:03:40.245,Source[1],,384PP_DMSO2,B1,Destination[1],,384PP_Dest,L1,77.5,77.5,,,61.456,57.651,92.687,Percent,DMSO,
2019-12-20 13:03:40.600,Source[1],,384PP_DMSO2,A1,Destination[1],,384PP_Dest,L1,922.5,922.5,,,53.838,47.008,99.701,Percent,DMSO,
2019-12-20 13:03:42.644,Source[1],,384PP_DMSO2,A1,Destination[1],,384PP_Dest,K1,977.5,977.5,,,53.838,46.031,99.701,Percent,DMSO,
2019-12-20 13:03:44.800,Source[1],,384PP_DMSO2,B1,Destination[1],,384PP_Dest,K1,22.5,22.5,,,61.456,57.628,92.687,Percent,DMSO,
2019-12-20 13:03:45.045,Source[1],,384PP_DMSO2,B1,Destination[1],,384PP_Dest,J1,2.5,2.5,,,61.456,57.626,92.687,Percent,DMSO,
2019-12-20 13:03:45.250,Source[1],,384PP_DMSO2,A1,Destination[1],,384PP_Dest,J1,997.5,997.5,,,53.838,45.033,99.701,Percent,DMSO,
2019-12-20 13:03:47.444,Source[1],,384PP_DMSO2,A1,Destination[1],,384PP_Dest,I1,1000,1000,,,53.838,44.033,99.701,Percent,DMSO,
2019-12-20 13:03:49.644,Source[1],,384PP_DMSO2,B1,Destination[1],,384PP_Dest,M1,187.5,187.5,,,61.456,57.438,92.687,Percent,DMSO,
2019-12-20 13:04:09.823,Source[1],,384PP_DMSO2,A1,Destination[1],,384PP_Dest,M1,812.5,812.5,,,43.138,42.326,99.701,Percent,DMSO,
2019-12-20 13:04:11.764,Source[1],,384PP_DMSO2,A1,Destination[1],,384PP_Dest,N1,635,635,,,43.138,41.691,99.701,Percent,DMSO,
2019-12-20 13:04:13.233,Source[1],,384PP_DMSO2,B1,Destination[1],,384PP_Dest,N1,365,365,,,57.948,57.583,92.894,Percent,DMSO,
2019-12-20 13:04:14.162,Source[1],,384PP_DMSO2,B1,Destination[1],,384PP_Dest,O1,630,630,,,57.948,56.953,92.894,Percent,DMSO,
2019-12-20 13:04:15.621,Source[1],,384PP_DMSO2,A1,Destination[1],,384PP_Dest,O1,370,370,,,43.138,41.321,99.701,Percent,DMSO,
2019-12-20 13:04:16.560,Source[1],,384PP_DMSO2,A1,Destination[1],,384PP_Dest,O2,370,370,,,43.138,40.951,99.701,Percent,DMSO,
2019-12-20 13:04:17.499,Source[1],,384PP_DMSO2,B1,Destination[1],,384PP_Dest,O2,630,630,,,57.948,56.323,92.894,Percent,DMSO,
2019-12-20 13:04:18.958,Source[1],,384PP_DMSO2,B1,Destination[1],,384PP_Dest,N2,365,365,,,57.948,55.958,92.894,Percent,DMSO,
2019-12-20 13:04:19.888,Source[1],,384PP_DMSO2,A1,Destination[1],,384PP_Dest,N2,635,635,,,43.138,40.316,99.701,Percent,DMSO,
2019-12-20 13:04:21.357,Source[1],,384PP_DMSO2,A1,Destination[1],,384PP_Dest,M2,812.5,812.5,,,43.138,39.503,99.701,Percent,DMSO,
2019-12-20 13:04:23.181,Source[1],,384PP_DMSO2,B1,Destination[1],,384PP_Dest,M2,187.5,187.5,,,57.948,55.77,92.894,Percent,DMSO,
2019-12-20 13:04:23.755,Source[1],,384PP_DMSO2,B1,Destination[1],,384PP_Dest,P2,1000,1000,,,57.948,54.77,92.894,Percent,DMSO,
2019-12-20 13:04:25.969,Source[1],,384PP_DMSO2,B1,Destination[1],,384PP_Dest,P1,1000,1000,,,57.948,53.77,92.894,Percent,DMSO,
2019-12-20 13:04:28.168,Source[1],,384PP_DMSO2,B1,Destination[1],,384PP_Dest,F3,365,365,,,57.948,53.405,92.894,Percent,DMSO,
2019-12-20 13:04:29.429,Source[1],,384PP_DMSO2,B1,Destination[1],,384PP_Dest,E3,187.5,187.5,,,57.948,53.218,92.894,Percent,DMSO,
2019-12-20 13:04:30.004,Source[1],,384PP_DMSO2,B1,Destination[1],,384PP_Dest,D3,77.5,77.5,,,57.948,53.14,92.894,Percent,DMSO,
2019-12-20 13:04:30.359,Source[1],,384PP_DMSO2,B1,Destination[1],,384PP_Dest,C3,22.5,22.5,,,57.948,53.118,92.894,Percent,DMSO,
2019-12-20 13:04:30.603,Source[1],,384PP_DMSO2,B1,Destination[1],,384PP_Dest,B3,2.5,2.5,,,57.948,53.115,92.894,Percent,DMSO,
2019-12-20 13:04:30.808,Source[1],,384PP_DMSO2,B1,Destination[1],,384PP_Dest,B4,2.5,2.5,,,57.948,53.113,92.894,Percent,DMSO,
2019-12-20 13:04:31.012,Source[1],,384PP_DMSO2,B1,Destination[1],,384PP_Dest,C4,22.5,22.5,,,57.948,53.09,92.894,Percent,DMSO,
2019-12-20 13:04:31.256,Source[1],,384PP_DMSO2,B1,Destination[1],,384PP_Dest,D4,77.5,77.5,,,57.948,53.013,92.894,Percent,DMSO,
2019-12-20 13:04:31.611,Source[1],,384PP_DMSO2,B1,Destination[1],,384PP_Dest,E4,187.5,187.5,,,57.948,52.825,92.894,Percent,DMSO,
2019-12-20 13:04:32.186,Source[1],,384PP_DMSO2,A2,Destination[1],,384PP_Dest,E4,812.5,812.5,,,62.601,61.788,99.701,Percent,DMSO,
2019-12-20 13:04:34.010,Source[1],,384PP_DMSO2,A2,Destination[1],,384PP_Dest,D4,922.5,922.5,,,62.601,60.866,99.701,Percent,DMSO,
2019-12-20 13:04:36.054,Source[1],,384PP_DMSO2,A2,Destination[1],,384PP_Dest,C4,977.5,977.5,,,62.601,59.888,99.701,Percent,DMSO,
2019-12-20 13:04:38.210,Source[1],,384PP_DMSO2,A2,Destination[1],,384PP_Dest,B4,997.5,997.5,,,62.601,58.891,99.701,Percent,DMSO,
2019-12-20 13:04:40.405,Source[1],,384PP_DMSO2,A2,Destination[1],,384PP_Dest,A4,1000,1000,,,62.601,57.891,99.701,Percent,DMSO,
2019-12-20 13:04:42.605,Source[1],,384PP_DMSO2,A2,Destination[1],,384PP_Dest,A3,1000,1000,,,62.601,56.891,99.701,Percent,DMSO,
2019-12-20 13:04:44.804,Source[1],,384PP_DMSO2,A2,Destination[1],,384PP_Dest,B3,997.5,997.5,,,62.601,55.893,99.701,Percent,DMSO,
2019-12-20 13:04:46.999,Source[1],,384PP_DMSO2,A2,Destination[1],,384PP_Dest,C3,977.5,977.5,,,62.601,54.916,99.701,Percent,DMSO,
2019-12-20 13:04:49.154,Source[1],,384PP_DMSO2,A2,Destination[1],,384PP_Dest,D3,922.5,922.5,,,62.601,53.993,99.701,Percent,DMSO,
2019-12-20 13:04:51.199,Source[1],,384PP_DMSO2,A2,Destination[1],,384PP_Dest,E3,812.5,812.5,,,62.601,53.181,99.701,Percent,DMSO,
2019-12-20 13:05:12.585,Source[1],,384PP_DMSO2,A2,Destination[1],,384PP_Dest,F3,635,635,,,53.68,53.045,99.665,Percent,DMSO,
2019-12-20 13:05:14.247,Source[1],,384PP_DMSO2,A2,Destination[1],,384PP_Dest,G3,370,370,,,53.68,52.675,99.665,Percent,DMSO,
2019-12-20 13:05:15.187,Source[1],,384PP_DMSO2,A2,Destination[1],,384PP_Dest,G4,370,370,,,53.68,52.305,99.665,Percent,DMSO,
2019-12-20 13:05:16.126,Source[1],,384PP_DMSO2,A2,Destination[1],,384PP_Dest,F4,635,635,,,53.68,51.67,99.665,Percent,DMSO,
2019-12-20 13:05:17.596,Source[1],,384PP_DMSO2,A2,Destination[1],,384PP_Dest,I4,1000,1000,,,53.68,50.67,99.665,Percent,DMSO,
2019-12-20 13:05:19.811,Source[1],,384PP_DMSO2,A2,Destination[1],,384PP_Dest,J4,997.5,997.5,,,53.68,49.673,99.665,Percent,DMSO,
2019-12-20 13:05:22.006,Source[1],,384PP_DMSO2,A2,Destination[1],,384PP_Dest,K4,977.5,977.5,,,53.68,48.695,99.665,Percent,DMSO,
2019-12-20 13:05:24.161,Source[1],,384PP_DMSO2,A2,Destination[1],,384PP_Dest,L4,922.5,922.5,,,53.68,47.773,99.665,Percent,DMSO,
2019-12-20 13:05:26.206,Source[1],,384PP_DMSO2,A2,Destination[1],,384PP_Dest,L3,922.5,922.5,,,53.68,46.85,99.665,Percent,DMSO,
2019-12-20 13:05:28.251,Source[1],,384PP_DMSO2,A2,Destination[1],,384PP_Dest,K3,977.5,977.5,,,53.68,45.873,99.665,Percent,DMSO,
2019-12-20 13:05:30.407,Source[1],,384PP_DMSO2,A2,Destination[1],,384PP_Dest,J3,997.5,997.5,,,53.68,44.875,99.665,Percent,DMSO,
2019-12-20 13:05:32.602,Source[1],,384PP_DMSO2,A2,Destination[1],,384PP_Dest,I3,1000,1000,,,53.68,43.875,99.665,Percent,DMSO,
2019-12-20 13:05:34.802,Source[1],,384PP_DMSO2,B1,Destination[1],,384PP_Dest,H3,1000,1000,,,52.978,51.978,92.001,Percent,DMSO,
2019-12-20 13:05:37.001,Source[1],,384PP_DMSO2,B1,Destination[1],,384PP_Dest,G3,630,630,,,52.978,51.348,92.001,Percent,DMSO,
2019-12-20 13:05:38.460,Source[1],,384PP_DMSO2,B1,Destination[1],,384PP_Dest,G4,630,630,,,52.978,50.718,92.001,Percent,DMSO,
2019-12-20 13:05:39.919,Source[1],,384PP_DMSO2,B1,Destination[1],,384PP_Dest,F4,365,365,,,52.978,50.353,92.001,Percent,DMSO,
2019-12-20 13:05:40.849,Source[1],,384PP_DMSO2,B1,Destination[1],,384PP_Dest,H4,1000,1000,,,52.978,49.353,92.001,Percent,DMSO,
2019-12-20 13:05:43.049,Source[1],,384PP_DMSO2,B1,Destination[1],,384PP_Dest,J4,2.5,2.5,,,52.978,49.35,92.001,Percent,DMSO,
2019-12-20 13:05:43.254,Source[1],,384PP_DMSO2,B1,Destination[1],,384PP_Dest,K4,22.5,22.5,,,52.978,49.328,92.001,Percent,DMSO,
2019-12-20 13:05:43.499,Source[1],,384PP_DMSO2,B1,Destination[1],,384PP_Dest,L4,77.5,77.5,,,52.978,49.25,92.001,Percent,DMSO,
2019-12-20 13:05:43.854,Source[1],,384PP_DMSO2,B1,Destination[1],,384PP_Dest,L3,77.5,77.5,,,52.978,49.173,92.001,Percent,DMSO,
2019-12-20 13:05:44.208,Source[1],,384PP_DMSO2,B1,Destination[1],,384PP_Dest,K3,22.5,22.5,,,52.978,49.15,92.001,Percent,DMSO,
2019-12-20 13:05:44.453,Source[1],,384PP_DMSO2,B1,Destination[1],,384PP_Dest,J3,2.5,2.5,,,52.978,49.148,92.001,Percent,DMSO,
2019-12-20 13:05:44.658,Source[1],,384PP_DMSO2,B1,Destination[1],,384PP_Dest,M3,187.5,187.5,,,52.978,48.96,92.001,Percent,DMSO,
2019-12-20 13:06:04.740,Source[1],,384PP_DMSO2,A2,Destination[1],,384PP_Dest,M3,812.5,812.5,,,42.873,42.061,99.701,Percent,DMSO,
2019-12-20 13:06:06.683,Source[1],,384PP_DMSO2,A2,Destination[1],,384PP_Dest,N3,635,635,,,42.873,41.426,99.701,Percent,DMSO,
2019-12-20 13:06:08.152,Source[1],,384PP_DMSO2,A2,Destination[1],,384PP_Dest,O3,370,370,,,42.873,41.056,99.701,Percent,DMSO,
2019-12-20 13:06:09.092,Source[1],,384PP_DMSO2,A2,Destination[1],,384PP_Dest,O4,370,370,,,42.873,40.686,99.701,Percent,DMSO,
2019-12-20 13:06:10.032,Source[1],,384PP_DMSO2,A2,Destination[1],,384PP_Dest,N4,635,635,,,42.873,40.051,99.701,Percent,DMSO,
2019-12-20 13:06:11.501,Source[1],,384PP_DMSO2,A2,Destination[1],,384PP_Dest,M4,812.5,812.5,,,42.873,39.238,99.701,Percent,DMSO,
2019-12-20 13:06:13.325,Source[1],,384PP_DMSO2,B1,Destination[1],,384PP_Dest,M4,187.5,187.5,,,48.737,48.549,91.974,Percent,DMSO,
2019-12-20 13:06:13.899,Source[1],,384PP_DMSO2,B1,Destination[1],,384PP_Dest,N4,365,365,,,48.737,48.184,91.974,Percent,DMSO,
2019-12-20 13:06:14.829,Source[1],,384PP_DMSO2,B1,Destination[1],,384PP_Dest,O4,630,630,,,48.737,47.554,91.974,Percent,DMSO,
2019-12-20 13:06:16.288,Source[1],,384PP_DMSO2,B1,Destination[1],,384PP_Dest,P4,1000,1000,,,48.737,46.554,91.974,Percent,DMSO,
2019-12-20 13:06:18.487,Source[1],,384PP_DMSO2,B1,Destination[1],,384PP_Dest,P3,1000,1000,,,48.737,45.554,91.974,Percent,DMSO,
2019-12-20 13:06:20.686,Source[1],,384PP_DMSO2,B1,Destination[1],,384PP_Dest,O3,630,630,,,48.737,44.924,91.974,Percent,DMSO,
2019-12-20 13:06:22.146,Source[1],,384PP_DMSO2,B1,Destination[1],,384PP_Dest,N3,365,365,,,48.737,44.559,91.974,Percent,DMSO,
2019-12-20 13:06:23.075,Source[1],,384PP_DMSO2,B1,Destination[1],,384PP_Dest,F5,365,365,,,48.737,44.194,91.974,Percent,DMSO,
2019-12-20 13:06:24.245,Source[1],,384PP_DMSO2,B1,Destination[1],,384PP_Dest,E5,187.5,187.5,,,48.737,44.007,91.974,Percent,DMSO,
2019-12-20 13:06:24.819,Source[1],,384PP_DMSO2,B1,Destination[1],,384PP_Dest,D5,77.5,77.5,,,48.737,43.929,91.974,Percent,DMSO,
2019-12-20 13:06:25.174,Source[1],,384PP_DMSO2,B1,Destination[1],,384PP_Dest,C5,22.5,22.5,,,48.737,43.907,91.974,Percent,DMSO,
2019-12-20 13:06:25.419,Source[1],,384PP_DMSO2,B1,Destination[1],,384PP_Dest,B5,2.5,2.5,,,48.737,43.904,91.974,Percent,DMSO,
2019-12-20 13:06:25.624,Source[1],,384PP_DMSO2,B1,Destination[1],,384PP_Dest,B6,2.5,2.5,,,48.737,43.902,91.974,Percent,DMSO,
2019-12-20 13:06:25.829,Source[1],,384PP_DMSO2,B1,Destination[1],,384PP_Dest,C6,22.5,22.5,,,48.737,43.879,91.974,Percent,DMSO,
2019-12-20 13:06:26.074,Source[1],,384PP_DMSO2,B1,Destination[1],,384PP_Dest,D6,77.5,77.5,,,48.737,43.802,91.974,Percent,DMSO,
2019-12-20 13:06:26.428,Source[1],,384PP_DMSO2,B1,Destination[1],,384PP_Dest,E6,187.5,187.5,,,48.737,43.614,91.974,Percent,DMSO,
2019-12-20 13:06:27.002,Source[1],,384PP_DMSO2,A3,Destination[1],,384PP_Dest,E6,812.5,812.5,,,62.412,61.599,99.599,Percent,DMSO,
2019-12-20 13:06:28.861,Source[1],,384PP_DMSO2,A3,Destination[1],,384PP_Dest,D6,922.5,922.5,,,62.412,60.677,99.599,Percent,DMSO,
2019-12-20 13:06:30.906,Source[1],,384PP_DMSO2,A3,Destination[1],,384PP_Dest,C6,977.5,977.5,,,62.412,59.699,99.599,Percent,DMSO,
2019-12-20 13:06:33.061,Source[1],,384PP_DMSO2,A3,Destination[1],,384PP_Dest,B6,997.5,997.5,,,62.412,58.702,99.599,Percent,DMSO,
2019-12-20 13:06:35.256,Source[1],,384PP_DMSO2,A3,Destination[1],,384PP_Dest,A6,1000,1000,,,62.412,57.702,99.599,Percent,DMSO,
2019-12-20 13:06:37.456,Source[1],,384PP_DMSO2,A3,Destination[1],,384PP_Dest,A5,1000,1000,,,62.412,56.702,99.599,Percent,DMSO,
2019-12-20 13:06:39.656,Source[1],,384PP_DMSO2,A3,Destination[1],,384PP_Dest,B5,997.5,997.5,,,62.412,55.704,99.599,Percent,DMSO,
2019-12-20 13:06:41.850,Source[1],,384PP_DMSO2,A3,Destination[1],,384PP_Dest,C5,977.5,977.5,,,62.412,54.727,99.599,Percent,DMSO,
2019-12-20 13:06:44.004,Source[1],,384PP_DMSO2,A3,Destination[1],,384PP_Dest,D5,922.5,922.5,,,62.412,53.804,99.599,Percent,DMSO,
2019-12-20 13:06:46.048,Source[1],,384PP_DMSO2,A3,Destination[1],,384PP_Dest,E5,812.5,812.5,,,62.412,52.992,99.599,Percent,DMSO,
2019-12-20 13:07:07.327,Source[1],,384PP_DMSO2,A3,Destination[1],,384PP_Dest,F5,635,635,,,53.384,52.749,99.332,Percent,DMSO,
2019-12-20 13:07:08.987,Source[1],,384PP_DMSO2,A3,Destination[1],,384PP_Dest,G5,370,370,,,53.384,52.379,99.332,Percent,DMSO,
2019-12-20 13:07:09.926,Source[1],,384PP_DMSO2,A3,Destination[1],,384PP_Dest,G6,370,370,,,53.384,52.009,99.332,Percent,DMSO,
2019-12-20 13:07:10.866,Source[1],,384PP_DMSO2,A3,Destination[1],,384PP_Dest,F6,635,635,,,53.384,51.374,99.332,Percent,DMSO,
2019-12-20 13:07:12.336,Source[1],,384PP_DMSO2,A3,Destination[1],,384PP_Dest,I6,1000,1000,,,53.384,50.374,99.332,Percent,DMSO,
2019-12-20 13:07:14.552,Source[1],,384PP_DMSO2,A3,Destination[1],,384PP_Dest,J6,997.5,997.5,,,53.384,49.377,99.332,Percent,DMSO,
2019-12-20 13:07:16.746,Source[1],,384PP_DMSO2,A3,Destination[1],,384PP_Dest,K6,977.5,977.5,,,53.384,48.399,99.332,Percent,DMSO,
2019-12-20 13:07:18.900,Source[1],,384PP_DMSO2,A3,Destination[1],,384PP_Dest,L6,922.5,922.5,,,53.384,47.477,99.332,Percent,DMSO,
2019-12-20 13:07:20.945,Source[1],,384PP_DMSO2,A3,Destination[1],,384PP_Dest,L5,922.5,922.5,,,53.384,46.554,99.332,Percent,DMSO,
2019-12-20 13:07:22.990,Source[1],,384PP_DMSO2,A3,Destination[1],,384PP_Dest,K5,977.5,977.5,,,53.384,45.577,99.332,Percent,DMSO,
2019-12-20 13:07:25.144,Source[1],,384PP_DMSO2,A3,Destination[1],,384PP_Dest,J5,997.5,997.5,,,53.384,44.579,99.332,Percent,DMSO,
2019-12-20 13:07:27.338,Source[1],,384PP_DMSO2,A3,Destination[1],,384PP_Dest,I5,1000,1000,,,53.384,43.579,99.332,Percent,DMSO,
2019-12-20 13:07:29.537,Source[1],,384PP_DMSO2,B2,Destination[1],,384PP_Dest,J5,2.5,2.5,,,56.175,56.172,92.295,Percent,DMSO,
2019-12-20 13:07:29.742,Source[1],,384PP_DMSO2,B2,Destination[1],,384PP_Dest,K5,22.5,22.5,,,56.175,56.15,92.295,Percent,DMSO,
2019-12-20 13:07:29.986,Source[1],,384PP_DMSO2,B2,Destination[1],,384PP_Dest,L5,77.5,77.5,,,56.175,56.072,92.295,Percent,DMSO,
2019-12-20 13:07:30.341,Source[1],,384PP_DMSO2,B2,Destination[1],,384PP_Dest,M5,187.5,187.5,,,56.175,55.885,92.295,Percent,DMSO,
2019-12-20 13:07:30.916,Source[1],,384PP_DMSO2,B2,Destination[1],,384PP_Dest,L6,77.5,77.5,,,56.175,55.807,92.295,Percent,DMSO,
2019-12-20 13:07:31.271,Source[1],,384PP_DMSO2,B2,Destination[1],,384PP_Dest,K6,22.5,22.5,,,56.175,55.785,92.295,Percent,DMSO,
2019-12-20 13:07:31.516,Source[1],,384PP_DMSO2,B2,Destination[1],,384PP_Dest,J6,2.5,2.5,,,56.175,55.782,92.295,Percent,DMSO,
2019-12-20 13:07:31.721,Source[1],,384PP_DMSO2,B1,Destination[1],,384PP_Dest,H6,1000,1000,,,43.196,42.196,92.205,Percent,DMSO,
2019-12-20 13:07:33.921,Source[1],,384PP_DMSO2,B1,Destination[1],,384PP_Dest,G6,630,630,,,43.196,41.566,92.205,Percent,DMSO,
2019-12-20 13:07:35.381,Source[1],,384PP_DMSO2,B1,Destination[1],,384PP_Dest,F6,365,365,,,43.196,41.201,92.205,Percent,DMSO,
2019-12-20 13:07:36.310,Source[1],,384PP_DMSO2,B1,Destination[1],,384PP_Dest,G5,630,630,,,43.196,40.571,92.205,Percent,DMSO,
2019-12-20 13:07:37.770,Source[1],,384PP_DMSO2,B1,Destination[1],,384PP_Dest,H5,1000,1000,,,43.196,39.571,92.205,Percent,DMSO,
2019-12-20 13:07:59.403,Source[1],,384PP_DMSO2,A3,Destination[1],,384PP_Dest,M5,812.5,812.5,,,42.666,41.853,99.047,Percent,DMSO,
2019-12-20 13:08:01.386,Source[1],,384PP_DMSO2,A3,Destination[1],,384PP_Dest,N5,635,635,,,42.666,41.218,99.047,Percent,DMSO,
2019-12-20 13:08:02.856,Source[1],,384PP_DMSO2,A3,Destination[1],,384PP_Dest,O5,370,370,,,42.666,40.848,99.047,Percent,DMSO,
2019-12-20 13:08:03.795,Source[1],,384PP_DMSO2,A3,Destination[1],,384PP_Dest,O6,370,370,,,42.666,40.478,99.047,Percent,DMSO,
2019-12-20 13:08:04.734,Source[1],,384PP_DMSO2,A3,Destination[1],,384PP_Dest,N6,635,635,,,42.666,39.843,99.047,Percent,DMSO,
2019-12-20 13:08:06.204,Source[1],,384PP_DMSO2,A3,Destination[1],,384PP_Dest,M6,812.5,812.5,,,42.666,39.031,99.047,Percent,DMSO,
2019-12-20 13:08:08.029,Source[1],,384PP_DMSO2,B2,Destination[1],,384PP_Dest,M6,187.5,187.5,,,55.662,55.474,92.218,Percent,DMSO,
2019-12-20 13:08:08.603,Source[1],,384PP_DMSO2,B2,Destination[1],,384PP_Dest,N6,365,365,,,55.662,55.109,92.218,Percent,DMSO,
2019-12-20 13:08:09.532,Source[1],,384PP_DMSO2,B2,Destination[1],,384PP_Dest,O6,630,630,,,55.662,54.479,92.218,Percent,DMSO,
2019-12-20 13:08:10.992,Source[1],,384PP_DMSO2,B2,Destination[1],,384PP_Dest,P6,1000,1000,,,55.662,53.479,92.218,Percent,DMSO,
2019-12-20 13:08:13.192,Source[1],,384PP_DMSO2,B2,Destination[1],,384PP_Dest,P5,1000,1000,,,55.662,52.479,92.218,Percent,DMSO,
2019-12-20 13:08:15.392,Source[1],,384PP_DMSO2,B2,Destination[1],,384PP_Dest,O5,630,630,,,55.662,51.849,92.218,Percent,DMSO,
2019-12-20 13:08:16.852,Source[1],,384PP_DMSO2,B2,Destination[1],,384PP_Dest,N5,365,365,,,55.662,51.484,92.218,Percent,DMSO,
2019-12-20 13:08:17.781,Source[1],,384PP_DMSO2,B2,Destination[1],,384PP_Dest,F7,365,365,,,55.662,51.119,92.218,Percent,DMSO,
2019-12-20 13:08:18.952,Source[1],,384PP_DMSO2,B2,Destination[1],,384PP_Dest,E7,187.5,187.5,,,55.662,50.932,92.218,Percent,DMSO,
2019-12-20 13:08:19.527,Source[1],,384PP_DMSO2,B2,Destination[1],,384PP_Dest,D7,77.5,77.5,,,55.662,50.854,92.218,Percent,DMSO,
2019-12-20 13:08:19.882,Source[1],,384PP_DMSO2,B2,Destination[1],,384PP_Dest,C7,22.5,22.5,,,55.662,50.832,92.218,Percent,DMSO,
2019-12-20 13:08:20.127,Source[1],,384PP_DMSO2,B2,Destination[1],,384PP_Dest,B7,2.5,2.5,,,55.662,50.829,92.218,Percent,DMSO,
2019-12-20 13:08:20.332,Source[1],,384PP_DMSO2,B2,Destination[1],,384PP_Dest,B8,2.5,2.5,,,55.662,50.827,92.218,Percent,DMSO,
2019-12-20 13:08:20.536,Source[1],,384PP_DMSO2,B2,Destination[1],,384PP_Dest,C8,22.5,22.5,,,55.662,50.804,92.218,Percent,DMSO,
2019-12-20 13:08:20.781,Source[1],,384PP_DMSO2,B2,Destination[1],,384PP_Dest,D8,77.5,77.5,,,55.662,50.727,92.218,Percent,DMSO,
2019-12-20 13:08:21.136,Source[1],,384PP_DMSO2,B2,Destination[1],,384PP_Dest,E8,187.5,187.5,,,55.662,50.539,92.218,Percent,DMSO,
2019-12-20 13:08:21.711,Source[1],,384PP_DMSO2,A4,Destination[1],,384PP_Dest,E8,812.5,812.5,,,62.447,61.635,99.504,Percent,DMSO,
2019-12-20 13:08:23.570,Source[1],,384PP_DMSO2,A4,Destination[1],,384PP_Dest,D8,922.5,922.5,,,62.447,60.712,99.504,Percent,DMSO,
2019-12-20 13:08:25.615,Source[1],,384PP_DMSO2,A4,Destination[1],,384PP_Dest,C8,977.5,977.5,,,62.447,59.735,99.504,Percent,DMSO,
2019-12-20 13:08:27.770,Source[1],,384PP_DMSO2,A4,Destination[1],,384PP_Dest,B8,997.5,997.5,,,62.447,58.737,99.504,Percent,DMSO,
2019-12-20 13:08:29.965,Source[1],,384PP_DMSO2,A4,Destination[1],,384PP_Dest,A8,1000,1000,,,62.447,57.737,99.504,Percent,DMSO,
2019-12-20 13:08:32.165,Source[1],,384PP_DMSO2,A4,Destination[1],,384PP_Dest,A7,1000,1000,,,62.447,56.737,99.504,Percent,DMSO,
2019-12-20 13:08:34.365,Source[1],,384PP_DMSO2,A4,Destination[1],,384PP_Dest,B7,997.5,997.5,,,62.447,55.74,99.504,Percent,DMSO,
2019-12-20 13:08:36.560,Source[1],,384PP_DMSO2,A4,Destination[1],,384PP_Dest,C7,977.5,977.5,,,62.447,54.762,99.504,Percent,DMSO,
2019-12-20 13:08:38.715,Source[1],,384PP_DMSO2,A4,Destination[1],,384PP_Dest,D7,922.5,922.5,,,62.447,53.84,99.504,Percent,DMSO,
2019-12-20 13:08:40.760,Source[1],,384PP_DMSO2,A4,Destination[1],,384PP_Dest,E7,812.5,812.5,,,62.447,53.027,99.504,Percent,DMSO,
2019-12-20 13:09:02.110,Source[1],,384PP_DMSO2,A4,Destination[1],,384PP_Dest,F7,635,635,,,53.584,52.949,99.22,Percent,DMSO,
2019-12-20 13:09:03.772,Source[1],,384PP_DMSO2,A4,Destination[1],,384PP_Dest,G7,370,370,,,53.584,52.579,99.22,Percent,DMSO,
2019-12-20 13:09:04.712,Source[1],,384PP_DMSO2,A4,Destination[1],,384PP_Dest,G8,370,370,,,53.584,52.209,99.22,Percent,DMSO,
2019-12-20 13:09:05.651,Source[1],,384PP_DMSO2,A4,Destination[1],,384PP_Dest,F8,635,635,,,53.584,51.574,99.22,Percent,DMSO,
2019-12-20 13:09:07.121,Source[1],,384PP_DMSO2,A4,Destination[1],,384PP_Dest,I8,1000,1000,,,53.584,50.574,99.22,Percent,DMSO,
2019-12-20 13:09:09.336,Source[1],,384PP_DMSO2,A4,Destination[1],,384PP_Dest,J8,997.5,997.5,,,53.584,49.576,99.22,Percent,DMSO,
2019-12-20 13:09:11.530,Source[1],,384PP_DMSO2,A4,Destination[1],,384PP_Dest,K8,977.5,977.5,,,53.584,48.599,99.22,Percent,DMSO,
2019-12-20 13:09:13.684,Source[1],,384PP_DMSO2,A4,Destination[1],,384PP_Dest,L8,922.5,922.5,,,53.584,47.676,99.22,Percent,DMSO,
2019-12-20 13:09:15.729,Source[1],,384PP_DMSO2,A4,Destination[1],,384PP_Dest,L7,922.5,922.5,,,53.584,46.754,99.22,Percent,DMSO,
2019-12-20 13:09:17.775,Source[1],,384PP_DMSO2,A4,Destination[1],,384PP_Dest,K7,977.5,977.5,,,53.584,45.776,99.22,Percent,DMSO,
2019-12-20 13:09:19.930,Source[1],,384PP_DMSO2,A4,Destination[1],,384PP_Dest,J7,997.5,997.5,,,53.584,44.779,99.22,Percent,DMSO,
2019-12-20 13:09:22.125,Source[1],,384PP_DMSO2,A4,Destination[1],,384PP_Dest,I7,1000,1000,,,53.584,43.779,99.22,Percent,DMSO,
2019-12-20 13:09:24.325,Source[1],,384PP_DMSO2,B2,Destination[1],,384PP_Dest,H7,1000,1000,,,50.323,49.323,92.189,Percent,DMSO,
2019-12-20 13:09:26.560,Source[1],,384PP_DMSO2,B2,Destination[1],,384PP_Dest,G7,630,630,,,50.323,48.693,92.189,Percent,DMSO,
2019-12-20 13:09:28.020,Source[1],,384PP_DMSO2,B2,Destination[1],,384PP_Dest,G8,630,630,,,50.323,48.063,92.189,Percent,DMSO,
2019-12-20 13:09:29.480,Source[1],,384PP_DMSO2,B2,Destination[1],,384PP_Dest,F8,365,365,,,50.323,47.698,92.189,Percent,DMSO,
2019-12-20 13:09:30.409,Source[1],,384PP_DMSO2,B2,Destination[1],,384PP_Dest,H8,1000,1000,,,50.323,46.698,92.189,Percent,DMSO,
2019-12-20 13:09:32.608,Source[1],,384PP_DMSO2,B2,Destination[1],,384PP_Dest,J8,2.5,2.5,,,50.323,46.696,92.189,Percent,DMSO,
2019-12-20 13:09:32.813,Source[1],,384PP_DMSO2,B2,Destination[1],,384PP_Dest,K8,22.5,22.5,,,50.323,46.673,92.189,Percent,DMSO,
2019-12-20 13:09:33.057,Source[1],,384PP_DMSO2,B2,Destination[1],,384PP_Dest,L8,77.5,77.5,,,50.323,46.596,92.189,Percent,DMSO,
2019-12-20 13:09:33.412,Source[1],,384PP_DMSO2,B2,Destination[1],,384PP_Dest,L7,77.5,77.5,,,50.323,46.518,92.189,Percent,DMSO,
2019-12-20 13:09:33.766,Source[1],,384PP_DMSO2,B2,Destination[1],,384PP_Dest,K7,22.5,22.5,,,50.323,46.496,92.189,Percent,DMSO,
2019-12-20 13:09:34.011,Source[1],,384PP_DMSO2,B2,Destination[1],,384PP_Dest,J7,2.5,2.5,,,50.323,46.493,92.189,Percent,DMSO,
2019-12-20 13:09:34.216,Source[1],,384PP_DMSO2,B2,Destination[1],,384PP_Dest,M7,187.5,187.5,,,50.323,46.306,92.189,Percent,DMSO,
2019-12-20 13:09:54.289,Source[1],,384PP_DMSO2,A4,Destination[1],,384PP_Dest,M7,812.5,812.5,,,42.812,41.999,99.192,Percent,DMSO,
2019-12-20 13:09:56.230,Source[1],,384PP_DMSO2,A4,Destination[1],,384PP_Dest,N7,635,635,,,42.812,41.364,99.192,Percent,DMSO,
2019-12-20 13:09:57.700,Source[1],,384PP_DMSO2,A4,Destination[1],,384PP_Dest,O7,370,370,,,42.812,40.994,99.192,Percent,DMSO,
2019-12-20 13:09:58.639,Source[1],,384PP_DMSO2,A4,Destination[1],,384PP_Dest,O8,370,370,,,42.812,40.624,99.192,Percent,DMSO,
2019-12-20 13:09:59.578,Source[1],,384PP_DMSO2,A4,Destination[1],,384PP_Dest,N8,635,635,,,42.812,39.989,99.192,Percent,DMSO,
2019-12-20 13:10:01.048,Source[1],,384PP_DMSO2,A4,Destination[1],,384PP_Dest,M8,812.5,812.5,,,42.812,39.177,99.192,Percent,DMSO,
2019-12-20 13:10:02.872,Source[1],,384PP_DMSO2,A5,Destination[1],,384PP_Dest,C9,1465,1465,,,62.655,61.19,99.359,Percent,DMSO,
2019-12-20 13:10:06.377,Source[1],,384PP_DMSO2,A5,Destination[1],,384PP_Dest,B9,1495,1495,,,62.655,59.695,99.359,Percent,DMSO,
2019-12-20 13:10:09.572,Source[1],,384PP_DMSO2,A5,Destination[1],,384PP_Dest,A9,1500,1500,,,62.655,58.195,99.359,Percent,DMSO,
2019-12-20 13:10:12.776,Source[1],,384PP_DMSO2,A5,Destination[1],,384PP_Dest,A10,1500,1500,,,62.655,56.695,99.359,Percent,DMSO,
2019-12-20 13:10:15.979,Source[1],,384PP_DMSO2,A5,Destination[1],,384PP_Dest,B10,1495,1495,,,62.655,55.2,99.359,Percent,DMSO,
2019-12-20 13:10:19.173,Source[1],,384PP_DMSO2,A5,Destination[1],,384PP_Dest,C10,1465,1465,,,62.655,53.735,99.359,Percent,DMSO,
2019-12-20 13:10:22.307,Source[1],,384PP_DMSO2,B2,Destination[1],,384PP_Dest,C10,35,35,,,46.094,46.059,92.218,Percent,DMSO,
2019-12-20 13:10:22.701,Source[1],,384PP_DMSO2,B2,Destination[1],,384PP_Dest,B10,5,5,,,46.094,46.054,92.218,Percent,DMSO,
2019-12-20 13:10:22.911,Source[1],,384PP_DMSO2,B2,Destination[1],,384PP_Dest,B9,5,5,,,46.094,46.049,92.218,Percent,DMSO,
2019-12-20 13:10:23.121,Source[1],,384PP_DMSO2,B2,Destination[1],,384PP_Dest,C9,35,35,,,46.094,46.014,92.218,Percent,DMSO,
2019-12-20 13:10:23.390,Source[1],,384PP_DMSO2,B2,Destination[1],,384PP_Dest,D9,117.5,117.5,,,46.094,45.896,92.218,Percent,DMSO,
2019-12-20 13:10:23.825,Source[1],,384PP_DMSO2,B2,Destination[1],,384PP_Dest,M8,187.5,187.5,,,46.094,45.709,92.218,Percent,DMSO,
2019-12-20 13:10:24.685,Source[1],,384PP_DMSO2,B2,Destination[1],,384PP_Dest,N8,365,365,,,46.094,45.344,92.218,Percent,DMSO,
2019-12-20 13:10:25.615,Source[1],,384PP_DMSO2,B2,Destination[1],,384PP_Dest,O8,630,630,,,46.094,44.714,92.218,Percent,DMSO,
2019-12-20 13:10:27.075,Source[1],,384PP_DMSO2,B2,Destination[1],,384PP_Dest,P8,1000,1000,,,46.094,43.714,92.218,Percent,DMSO,
2019-12-20 13:10:29.275,Source[1],,384PP_DMSO2,B2,Destination[1],,384PP_Dest,P7,1000,1000,,,46.094,42.714,92.218,Percent,DMSO,
2019-12-20 13:10:31.475,Source[1],,384PP_DMSO2,B2,Destination[1],,384PP_Dest,O7,630,630,,,46.094,42.084,92.218,Percent,DMSO,
2019-12-20 13:10:32.934,Source[1],,384PP_DMSO2,B2,Destination[1],,384PP_Dest,N7,365,365,,,46.094,41.719,92.218,Percent,DMSO,
2019-12-20 13:10:53.337,Source[1],,384PP_DMSO2,A5,Destination[1],,384PP_Dest,D9,1382.5,1382.5,,,54.215,52.833,99.387,Percent,DMSO,
2019-12-20 13:10:56.632,Source[1],,384PP_DMSO2,A5,Destination[1],,384PP_Dest,E9,1220,1220,,,54.215,51.613,99.387,Percent,DMSO,
2019-12-20 13:10:59.276,Source[1],,384PP_DMSO2,A5,Destination[1],,384PP_Dest,F9,952.5,952.5,,,54.215,50.66,99.387,Percent,DMSO,
2019-12-20 13:11:01.306,Source[1],,384PP_DMSO2,A5,Destination[1],,384PP_Dest,G9,555,555,,,54.215,50.105,99.387,Percent,DMSO,
2019-12-20 13:11:02.617,Source[1],,384PP_DMSO2,A5,Destination[1],,384PP_Dest,G10,555,555,,,54.215,49.55,99.387,Percent,DMSO,
2019-12-20 13:11:03.926,Source[1],,384PP_DMSO2,A5,Destination[1],,384PP_Dest,F10,952.5,952.5,,,54.215,48.598,99.387,Percent,DMSO,
2019-12-20 13:11:06.031,Source[1],,384PP_DMSO2,A5,Destination[1],,384PP_Dest,E10,1220,1220,,,54.215,47.378,99.387,Percent,DMSO,
2019-12-20 13:11:08.749,Source[1],,384PP_DMSO2,A5,Destination[1],,384PP_Dest,D10,1382.5,1382.5,,,54.215,45.995,99.387,Percent,DMSO,
2019-12-20 13:11:11.717,Source[1],,384PP_DMSO2,A5,Destination[1],,384PP_Dest,I9,1500,1500,,,54.215,44.495,99.387,Percent,DMSO,
2019-12-20 13:11:15.062,Source[1],,384PP_DMSO2,B2,Destination[1],,384PP_Dest,H9,1500,1500,,,41.389,39.889,91.503,Percent,DMSO,
2019-12-20 13:11:18.426,Source[1],,384PP_DMSO2,B2,Destination[1],,384PP_Dest,G9,945,945,,,41.389,38.944,91.503,Percent,DMSO,
2019-12-20 13:11:20.443,Source[1],,384PP_DMSO2,B2,Destination[1],,384PP_Dest,F9,547.5,547.5,,,41.389,38.397,91.503,Percent,DMSO,
2019-12-20 13:11:21.737,Source[1],,384PP_DMSO2,B2,Destination[1],,384PP_Dest,E9,280,280,,,41.389,38.117,91.503,Percent,DMSO,
2019-12-20 13:11:22.497,Source[1],,384PP_DMSO2,B2,Destination[1],,384PP_Dest,E10,280,280,,,41.389,37.837,91.503,Percent,DMSO,
2019-12-20 13:11:23.256,Source[1],,384PP_DMSO2,B2,Destination[1],,384PP_Dest,D10,117.5,117.5,,,41.389,37.719,91.503,Percent,DMSO,
2019-12-20 13:11:23.691,Source[1],,384PP_DMSO2,B2,Destination[1],,384PP_Dest,F10,547.5,547.5,,,41.389,37.172,91.503,Percent,DMSO,
2019-12-20 13:11:24.986,Source[1],,384PP_DMSO2,B2,Destination[1],,384PP_Dest,G10,945,945,,,41.389,36.227,91.503,Percent,DMSO,
2019-12-20 13:11:27.075,Source[1],,384PP_DMSO2,B2,Destination[1],,384PP_Dest,H10,1500,1500,,,41.389,34.727,91.503,Percent,DMSO,
2019-12-20 13:11:49.622,Source[1],,384PP_DMSO2,A5,Destination[1],,384PP_Dest,I10,1500,1500,,,43.607,42.107,99.701,Percent,DMSO,
2019-12-20 13:11:52.980,Source[1],,384PP_DMSO2,A5,Destination[1],,384PP_Dest,J10,1495,1495,,,43.607,40.612,99.701,Percent,DMSO,
2019-12-20 13:11:56.175,Source[1],,384PP_DMSO2,A5,Destination[1],,384PP_Dest,K10,1465,1465,,,43.607,39.147,99.701,Percent,DMSO,
2019-12-20 13:11:59.308,Source[1],,384PP_DMSO2,A5,Destination[1],,384PP_Dest,K9,1465,1465,,,43.607,37.682,99.701,Percent,DMSO,
2019-12-20 13:12:02.442,Source[1],,384PP_DMSO2,A5,Destination[1],,384PP_Dest,J9,1495,1495,,,43.607,36.187,99.701,Percent,DMSO,
2019-12-20 13:12:05.635,Source[1],,384PP_DMSO2,A5,Destination[1],,384PP_Dest,L9,1382.5,1382.5,,,43.607,34.804,99.701,Percent,DMSO,
2019-12-20 13:12:08.607,Source[1],,384PP_DMSO2,B2,Destination[1],,384PP_Dest,L9,117.5,117.5,,,34.45,34.332,91.836,Percent,DMSO,
2019-12-20 13:12:09.167,Source[1],,384PP_DMSO2,B2,Destination[1],,384PP_Dest,K9,35,35,,,34.45,34.297,91.836,Percent,DMSO,
2019-12-20 13:12:09.437,Source[1],,384PP_DMSO2,B2,Destination[1],,384PP_Dest,J9,5,5,,,34.45,34.292,91.836,Percent,DMSO,
2019-12-20 13:12:09.647,Source[1],,384PP_DMSO2,B2,Destination[1],,384PP_Dest,J10,5,5,,,34.45,34.287,91.836,Percent,DMSO,
2019-12-20 13:12:09.856,Source[1],,384PP_DMSO2,B2,Destination[1],,384PP_Dest,K10,35,35,,,34.45,34.252,91.836,Percent,DMSO,
2019-12-20 13:12:10.126,Source[1],,384PP_DMSO2,B2,Destination[1],,384PP_Dest,L10,117.5,117.5,,,34.45,34.135,91.836,Percent,DMSO,
2019-12-20 13:12:30.312,Source[1],,384PP_DMSO2,A5,Destination[1],,384PP_Dest,L10,1382.5,1382.5,,,33.89,32.508,99.359,Percent,DMSO,
2019-12-20 13:12:33.368,Source[1],,384PP_DMSO2,A5,Destination[1],,384PP_Dest,M10,1220,1220,,,33.89,31.288,99.359,Percent,DMSO,
2019-12-20 13:12:36.012,Source[1],,384PP_DMSO2,A5,Destination[1],,384PP_Dest,N10,952.5,952.5,,,33.89,30.335,99.359,Percent,DMSO,
2019-12-20 13:12:38.041,Source[1],,384PP_DMSO2,A5,Destination[1],,384PP_Dest,O10,555,555,,,33.89,29.78,99.359,Percent,DMSO,
2019-12-20 13:12:39.351,Source[1],,384PP_DMSO2,A5,Destination[1],,384PP_Dest,O9,555,555,,,33.89,29.225,99.359,Percent,DMSO,
2019-12-20 13:12:40.660,Source[1],,384PP_DMSO2,A5,Destination[1],,384PP_Dest,N9,952.5,952.5,,,33.89,28.273,99.359,Percent,DMSO,
2019-12-20 13:12:42.765,Source[1],,384PP_DMSO2,A5,Destination[1],,384PP_Dest,M9,1220,1220,,,33.89,27.053,99.359,Percent,DMSO,
2019-12-20 13:12:45.483,Source[1],,384PP_DMSO2,A6,Destination[1],,384PP_Dest,C11,1465,1465,,,62.617,61.152,99.701,Percent,DMSO,
2019-12-20 13:12:48.988,Source[1],,384PP_DMSO2,A6,Destination[1],,384PP_Dest,B11,1495,1495,,,62.617,59.657,99.701,Percent,DMSO,
2019-12-20 13:12:52.182,Source[1],,384PP_DMSO2,A6,Destination[1],,384PP_Dest,A11,1500,1500,,,62.617,58.157,99.701,Percent,DMSO,
2019-12-20 13:12:55.386,Source[1],,384PP_DMSO2,A6,Destination[1],,384PP_Dest,A12,1500,1500,,,62.617,56.657,99.701,Percent,DMSO,
2019-12-20 13:12:58.589,Source[1],,384PP_DMSO2,A6,Destination[1],,384PP_Dest,B12,1495,1495,,,62.617,55.162,99.701,Percent,DMSO,
2019-12-20 13:13:01.783,Source[1],,384PP_DMSO2,A6,Destination[1],,384PP_Dest,C12,1465,1465,,,62.617,53.697,99.701,Percent,DMSO,
2019-12-20 13:13:04.918,Source[1],,384PP_DMSO2,B3,Destination[1],,384PP_Dest,C12,35,35,,,62.791,62.756,91.729,Percent,DMSO,
2019-12-20 13:13:05.312,Source[1],,384PP_DMSO2,B3,Destination[1],,384PP_Dest,B12,5,5,,,62.791,62.751,91.729,Percent,DMSO,
2019-12-20 13:13:05.522,Source[1],,384PP_DMSO2,B3,Destination[1],,384PP_Dest,B11,5,5,,,62.791,62.746,91.729,Percent,DMSO,
2019-12-20 13:13:05.732,Source[1],,384PP_DMSO2,B3,Destination[1],,384PP_Dest,C11,35,35,,,62.791,62.711,91.729,Percent,DMSO,
2019-12-20 13:13:06.002,Source[1],,384PP_DMSO2,B3,Destination[1],,384PP_Dest,D11,117.5,117.5,,,62.791,62.593,91.729,Percent,DMSO,
2019-12-20 13:13:06.437,Source[1],,384PP_DMSO2,B2,Destination[1],,384PP_Dest,M10,280,280,,,34.193,33.913,91.887,Percent,DMSO,
2019-12-20 13:13:07.486,Source[1],,384PP_DMSO2,B2,Destination[1],,384PP_Dest,N10,547.5,547.5,,,34.193,33.365,91.887,Percent,DMSO,
2019-12-20 13:13:08.781,Source[1],,384PP_DMSO2,B2,Destination[1],,384PP_Dest,O10,945,945,,,34.193,32.42,91.887,Percent,DMSO,
2019-12-20 13:13:10.871,Source[1],,384PP_DMSO2,B2,Destination[1],,384PP_Dest,P10,1500,1500,,,34.193,30.92,91.887,Percent,DMSO,
2019-12-20 13:13:14.149,Source[1],,384PP_DMSO2,B2,Destination[1],,384PP_Dest,P9,1500,1500,,,34.193,29.42,91.887,Percent,DMSO,
2019-12-20 13:13:17.352,Source[1],,384PP_DMSO2,B2,Destination[1],,384PP_Dest,O9,945,945,,,34.193,28.475,91.887,Percent,DMSO,
2019-12-20 13:13:19.368,Source[1],,384PP_DMSO2,B2,Destination[1],,384PP_Dest,N9,547.5,547.5,,,34.193,27.928,91.887,Percent,DMSO,
2019-12-20 13:13:20.663,Source[1],,384PP_DMSO2,B2,Destination[1],,384PP_Dest,M9,280,280,,,34.193,27.648,91.887,Percent,DMSO,
2019-12-20 13:13:40.139,Source[1],,384PP_DMSO2,A6,Destination[1],,384PP_Dest,D11,1382.5,1382.5,,,54.272,52.89,99.375,Percent,DMSO,
2019-12-20 13:13:43.389,Source[1],,384PP_DMSO2,A6,Destination[1],,384PP_Dest,E11,1220,1220,,,54.272,51.67,99.375,Percent,DMSO,
2019-12-20 13:13:46.033,Source[1],,384PP_DMSO2,A6,Destination[1],,384PP_Dest,F11,952.5,952.5,,,54.272,50.717,99.375,Percent,DMSO,
2019-12-20 13:13:48.063,Source[1],,384PP_DMSO2,A6,Destination[1],,384PP_Dest,G11,555,555,,,54.272,50.162,99.375,Percent,DMSO,
2019-12-20 13:13:49.373,Source[1],,384PP_DMSO2,A6,Destination[1],,384PP_Dest,G12,555,555,,,54.272,49.607,99.375,Percent,DMSO,
2019-12-20 13:13:50.682,Source[1],,384PP_DMSO2,A6,Destination[1],,384PP_Dest,F12,952.5,952.5,,,54.272,48.655,99.375,Percent,DMSO,
2019-12-20 13:13:52.787,Source[1],,384PP_DMSO2,A6,Destination[1],,384PP_Dest,E12,1220,1220,,,54.272,47.435,99.375,Percent,DMSO,
2019-12-20 13:13:55.504,Source[1],,384PP_DMSO2,A6,Destination[1],,384PP_Dest,D12,1382.5,1382.5,,,54.272,46.052,99.375,Percent,DMSO,
2019-12-20 13:13:58.473,Source[1],,384PP_DMSO2,A7,Destination[1],,384PP_Dest,I12,1500,1500,,,62.971,61.471,99.701,Percent,DMSO,
2019-12-20 13:14:01.824,Source[1],,384PP_DMSO2,A7,Destination[1],,384PP_Dest,J12,1495,1495,,,62.971,59.976,99.701,Percent,DMSO,
2019-12-20 13:14:05.018,Source[1],,384PP_DMSO2,A7,Destination[1],,384PP_Dest,K12,1465,1465,,,62.971,58.511,99.701,Percent,DMSO,
2019-12-20 13:14:08.152,Source[1],,384PP_DMSO2,A7,Destination[1],,384PP_Dest,K11,1465,1465,,,62.971,57.046,99.701,Percent,DMSO,
2019-12-20 13:14:11.286,Source[1],,384PP_DMSO2,A7,Destination[1],,384PP_Dest,J11,1495,1495,,,62.971,55.551,99.701,Percent,DMSO,
2019-12-20 13:14:14.480,Source[1],,384PP_DMSO2,A7,Destination[1],,384PP_Dest,I11,1500,1500,,,62.971,54.051,99.701,Percent,DMSO,
2019-12-20 13:14:17.683,Source[1],,384PP_DMSO2,B3,Destination[1],,384PP_Dest,H11,1500,1500,,,62.568,61.068,91.758,Percent,DMSO,
2019-12-20 13:14:21.140,Source[1],,384PP_DMSO2,B3,Destination[1],,384PP_Dest,G11,945,945,,,62.568,60.123,91.758,Percent,DMSO,
2019-12-20 13:14:23.156,Source[1],,384PP_DMSO2,B3,Destination[1],,384PP_Dest,F11,547.5,547.5,,,62.568,59.576,91.758,Percent,DMSO,
2019-12-20 13:14:24.451,Source[1],,384PP_DMSO2,B3,Destination[1],,384PP_Dest,E11,280,280,,,62.568,59.296,91.758,Percent,DMSO,
2019-12-20 13:14:25.210,Source[1],,384PP_DMSO2,B3,Destination[1],,384PP_Dest,E12,280,280,,,62.568,59.016,91.758,Percent,DMSO,
2019-12-20 13:14:25.969,Source[1],,384PP_DMSO2,B3,Destination[1],,384PP_Dest,D12,117.5,117.5,,,62.568,58.898,91.758,Percent,DMSO,
2019-12-20 13:14:26.404,Source[1],,384PP_DMSO2,B3,Destination[1],,384PP_Dest,F12,547.5,547.5,,,62.568,58.351,91.758,Percent,DMSO,
2019-12-20 13:14:27.698,Source[1],,384PP_DMSO2,B3,Destination[1],,384PP_Dest,G12,945,945,,,62.568,57.406,91.758,Percent,DMSO,
2019-12-20 13:14:29.788,Source[1],,384PP_DMSO2,B3,Destination[1],,384PP_Dest,H12,1500,1500,,,62.568,55.906,91.758,Percent,DMSO,
2019-12-20 13:14:33.067,Source[1],,384PP_DMSO2,B3,Destination[1],,384PP_Dest,J12,5,5,,,62.568,55.901,91.758,Percent,DMSO,
2019-12-20 13:14:33.250,Source[1],,384PP_DMSO2,B3,Destination[1],,384PP_Dest,K12,35,35,,,62.568,55.866,91.758,Percent,DMSO,
2019-12-20 13:14:33.520,Source[1],,384PP_DMSO2,B3,Destination[1],,384PP_Dest,K11,35,35,,,62.568,55.831,91.758,Percent,DMSO,
2019-12-20 13:14:33.789,Source[1],,384PP_DMSO2,B3,Destination[1],,384PP_Dest,J11,5,5,,,62.568,55.826,91.758,Percent,DMSO,
2019-12-20 13:14:33.999,Source[1],,384PP_DMSO2,B3,Destination[1],,384PP_Dest,L11,117.5,117.5,,,62.568,55.708,91.758,Percent,DMSO,
2019-12-20 13:14:53.182,Source[1],,384PP_DMSO2,A7,Destination[1],,384PP_Dest,L11,1382.5,1382.5,,,54.475,53.093,99.701,Percent,DMSO,
2019-12-20 13:14:56.412,Source[1],,384PP_DMSO2,A7,Destination[1],,384PP_Dest,M11,1220,1220,,,54.475,51.873,99.701,Percent,DMSO,
2019-12-20 13:14:59.056,Source[1],,384PP_DMSO2,A7,Destination[1],,384PP_Dest,N11,952.5,952.5,,,54.475,50.92,99.701,Percent,DMSO,
2019-12-20 13:15:01.086,Source[1],,384PP_DMSO2,A7,Destination[1],,384PP_Dest,O11,555,555,,,54.475,50.365,99.701,Percent,DMSO,
2019-12-20 13:15:02.395,Source[1],,384PP_DMSO2,A7,Destination[1],,384PP_Dest,O12,555,555,,,54.475,49.81,99.701,Percent,DMSO,
2019-12-20 13:15:03.705,Source[1],,384PP_DMSO2,A7,Destination[1],,384PP_Dest,N12,952.5,952.5,,,54.475,48.858,99.701,Percent,DMSO,
2019-12-20 13:15:05.810,Source[1],,384PP_DMSO2,A7,Destination[1],,384PP_Dest,M12,1220,1220,,,54.475,47.638,99.701,Percent,DMSO,
2019-12-20 13:15:08.529,Source[1],,384PP_DMSO2,A7,Destination[1],,384PP_Dest,L12,1382.5,1382.5,,,54.475,46.255,99.701,Percent,DMSO,
2019-12-20 13:15:11.498,Source[1],,384PP_DMSO2,A8,Destination[1],,384PP_Dest,C13,1465,1465,,,62.887,61.422,99.641,Percent,DMSO,
2019-12-20 13:15:14.958,Source[1],,384PP_DMSO2,A8,Destination[1],,384PP_Dest,B13,1495,1495,,,62.887,59.927,99.641,Percent,DMSO,
2019-12-20 13:15:18.151,Source[1],,384PP_DMSO2,A8,Destination[1],,384PP_Dest,A13,1500,1500,,,62.887,58.427,99.641,Percent,DMSO,
2019-12-20 13:15:21.354,Source[1],,384PP_DMSO2,A8,Destination[1],,384PP_Dest,A14,1500,1500,,,62.887,56.927,99.641,Percent,DMSO,
2019-12-20 13:15:24.559,Source[1],,384PP_DMSO2,A8,Destination[1],,384PP_Dest,B14,1495,1495,,,62.887,55.432,99.641,Percent,DMSO,
2019-12-20 13:15:27.753,Source[1],,384PP_DMSO2,A8,Destination[1],,384PP_Dest,C14,1465,1465,,,62.887,53.967,99.641,Percent,DMSO,
2019-12-20 13:15:30.887,Source[1],,384PP_DMSO2,B3,Destination[1],,384PP_Dest,C14,35,35,,,56.365,56.33,91.374,Percent,DMSO,
2019-12-20 13:15:31.462,Source[1],,384PP_DMSO2,B3,Destination[1],,384PP_Dest,B14,5,5,,,56.365,56.325,91.374,Percent,DMSO,
2019-12-20 13:15:31.672,Source[1],,384PP_DMSO2,B3,Destination[1],,384PP_Dest,B13,5,5,,,56.365,56.32,91.374,Percent,DMSO,
2019-12-20 13:15:31.882,Source[1],,384PP_DMSO2,B3,Destination[1],,384PP_Dest,C13,35,35,,,56.365,56.285,91.374,Percent,DMSO,
2019-12-20 13:15:32.152,Source[1],,384PP_DMSO2,B3,Destination[1],,384PP_Dest,D13,117.5,117.5,,,56.365,56.167,91.374,Percent,DMSO,
2019-12-20 13:15:32.587,Source[1],,384PP_DMSO2,B3,Destination[1],,384PP_Dest,L12,117.5,117.5,,,56.365,56.05,91.374,Percent,DMSO,
2019-12-20 13:15:33.261,Source[1],,384PP_DMSO2,B3,Destination[1],,384PP_Dest,M12,280,280,,,56.365,55.77,91.374,Percent,DMSO,
2019-12-20 13:15:34.021,Source[1],,384PP_DMSO2,B3,Destination[1],,384PP_Dest,N12,547.5,547.5,,,56.365,55.222,91.374,Percent,DMSO,
2019-12-20 13:15:35.316,Source[1],,384PP_DMSO2,B3,Destination[1],,384PP_Dest,O12,945,945,,,56.365,54.277,91.374,Percent,DMSO,
2019-12-20 13:15:37.405,Source[1],,384PP_DMSO2,B3,Destination[1],,384PP_Dest,P12,1500,1500,,,56.365,52.777,91.374,Percent,DMSO,
2019-12-20 13:15:40.684,Source[1],,384PP_DMSO2,B3,Destination[1],,384PP_Dest,P11,1500,1500,,,56.365,51.277,91.374,Percent,DMSO,
2019-12-20 13:15:43.889,Source[1],,384PP_DMSO2,B3,Destination[1],,384PP_Dest,O11,945,945,,,56.365,50.332,91.374,Percent,DMSO,
2019-12-20 13:15:45.904,Source[1],,384PP_DMSO2,B3,Destination[1],,384PP_Dest,N11,547.5,547.5,,,56.365,49.785,91.374,Percent,DMSO,
2019-12-20 13:15:47.198,Source[1],,384PP_DMSO2,B3,Destination[1],,384PP_Dest,M11,280,280,,,56.365,49.505,91.374,Percent,DMSO,
2019-12-20 13:16:06.804,Source[1],,384PP_DMSO2,A8,Destination[1],,384PP_Dest,D13,1382.5,1382.5,,,54.421,53.038,99.701,Percent,DMSO,
2019-12-20 13:16:10.124,Source[1],,384PP_DMSO2,A8,Destination[1],,384PP_Dest,E13,1220,1220,,,54.421,51.818,99.701,Percent,DMSO,
2019-12-20 13:16:12.767,Source[1],,384PP_DMSO2,A8,Destination[1],,384PP_Dest,F13,952.5,952.5,,,54.421,50.866,99.701,Percent,DMSO,
2019-12-20 13:16:14.797,Source[1],,384PP_DMSO2,A8,Destination[1],,384PP_Dest,G13,555,555,,,54.421,50.311,99.701,Percent,DMSO,
2019-12-20 13:16:16.107,Source[1],,384PP_DMSO2,A8,Destination[1],,384PP_Dest,G14,555,555,,,54.421,49.756,99.701,Percent,DMSO,
2019-12-20 13:16:17.416,Source[1],,384PP_DMSO2,A8,Destination[1],,384PP_Dest,F14,952.5,952.5,,,54.421,48.803,99.701,Percent,DMSO,
2019-12-20 13:16:19.520,Source[1],,384PP_DMSO2,A8,Destination[1],,384PP_Dest,E14,1220,1220,,,54.421,47.583,99.701,Percent,DMSO,
2019-12-20 13:16:22.236,Source[1],,384PP_DMSO2,A8,Destination[1],,384PP_Dest,D14,1382.5,1382.5,,,54.421,46.201,99.701,Percent,DMSO,
2019-12-20 13:16:25.205,Source[1],,384PP_DMSO2,A8,Destination[1],,384PP_Dest,I13,1500,1500,,,54.421,44.701,99.701,Percent,DMSO,
2019-12-20 13:16:28.558,Source[1],,384PP_DMSO2,B3,Destination[1],,384PP_Dest,H13,1500,1500,,,49.258,47.758,91.729,Percent,DMSO,
2019-12-20 13:16:32.103,Source[1],,384PP_DMSO2,B3,Destination[1],,384PP_Dest,G13,945,945,,,49.258,46.813,91.729,Percent,DMSO,
2019-12-20 13:16:34.120,Source[1],,384PP_DMSO2,B3,Destination[1],,384PP_Dest,F13,547.5,547.5,,,49.258,46.266,91.729,Percent,DMSO,
2019-12-20 13:16:35.415,Source[1],,384PP_DMSO2,B3,Destination[1],,384PP_Dest,E13,280,280,,,49.258,45.986,91.729,Percent,DMSO,
2019-12-20 13:16:36.175,Source[1],,384PP_DMSO2,B3,Destination[1],,384PP_Dest,E14,280,280,,,49.258,45.706,91.729,Percent,DMSO,
2019-12-20 13:16:36.934,Source[1],,384PP_DMSO2,B3,Destination[1],,384PP_Dest,D14,117.5,117.5,,,49.258,45.588,91.729,Percent,DMSO,
2019-12-20 13:16:37.369,Source[1],,384PP_DMSO2,B3,Destination[1],,384PP_Dest,F14,547.5,547.5,,,49.258,45.041,91.729,Percent,DMSO,
2019-12-20 13:16:38.664,Source[1],,384PP_DMSO2,B3,Destination[1],,384PP_Dest,G14,945,945,,,49.258,44.096,91.729,Percent,DMSO,
2019-12-20 13:16:40.754,Source[1],,384PP_DMSO2,B3,Destination[1],,384PP_Dest,H14,1500,1500,,,49.258,42.596,91.729,Percent,DMSO,
2019-12-20 13:17:02.110,Source[1],,384PP_DMSO2,A8,Destination[1],,384PP_Dest,I14,1500,1500,,,43.79,42.29,99.701,Percent,DMSO,
2019-12-20 13:17:05.653,Source[1],,384PP_DMSO2,A8,Destination[1],,384PP_Dest,J14,1495,1495,,,43.79,40.795,99.701,Percent,DMSO,
2019-12-20 13:17:08.848,Source[1],,384PP_DMSO2,A8,Destination[1],,384PP_Dest,K14,1465,1465,,,43.79,39.33,99.701,Percent,DMSO,
2019-12-20 13:17:11.981,Source[1],,384PP_DMSO2,A8,Destination[1],,384PP_Dest,K13,1465,1465,,,43.79,37.865,99.701,Percent,DMSO,
2019-12-20 13:17:15.115,Source[1],,384PP_DMSO2,A8,Destination[1],,384PP_Dest,J13,1495,1495,,,43.79,36.37,99.701,Percent,DMSO,
2019-12-20 13:17:18.308,Source[1],,384PP_DMSO2,A8,Destination[1],,384PP_Dest,L13,1382.5,1382.5,,,43.79,34.988,99.701,Percent,DMSO,
2019-12-20 13:17:21.282,Source[1],,384PP_DMSO2,B4,Destination[1],,384PP_Dest,L13,117.5,117.5,,,62.774,62.657,91.981,Percent,DMSO,
2019-12-20 13:17:21.932,Source[1],,384PP_DMSO2,B4,Destination[1],,384PP_Dest,K13,35,35,,,62.774,62.622,91.981,Percent,DMSO,
2019-12-20 13:17:22.202,Source[1],,384PP_DMSO2,B4,Destination[1],,384PP_Dest,J13,5,5,,,62.774,62.617,91.981,Percent,DMSO,
2019-12-20 13:17:22.411,Source[1],,384PP_DMSO2,B4,Destination[1],,384PP_Dest,J14,5,5,,,62.774,62.612,91.981,Percent,DMSO,
2019-12-20 13:17:22.621,Source[1],,384PP_DMSO2,B4,Destination[1],,384PP_Dest,K14,35,35,,,62.774,62.577,91.981,Percent,DMSO,
2019-12-20 13:17:22.891,Source[1],,384PP_DMSO2,B4,Destination[1],,384PP_Dest,L14,117.5,117.5,,,62.774,62.459,91.981,Percent,DMSO,
2019-12-20 13:17:41.547,Source[1],,384PP_DMSO2,A8,Destination[1],,384PP_Dest,L14,1382.5,1382.5,,,34.025,32.643,99.701,Percent,DMSO,
2019-12-20 13:17:44.857,Source[1],,384PP_DMSO2,A8,Destination[1],,384PP_Dest,M14,1220,1220,,,34.025,31.423,99.701,Percent,DMSO,
2019-12-20 13:17:47.501,Source[1],,384PP_DMSO2,A8,Destination[1],,384PP_Dest,N14,952.5,952.5,,,34.025,30.47,99.701,Percent,DMSO,
2019-12-20 13:17:49.530,Source[1],,384PP_DMSO2,A8,Destination[1],,384PP_Dest,O14,555,555,,,34.025,29.915,99.701,Percent,DMSO,
2019-12-20 13:17:50.839,Source[1],,384PP_DMSO2,A8,Destination[1],,384PP_Dest,O13,555,555,,,34.025,29.36,99.701,Percent,DMSO,
2019-12-20 13:17:52.149,Source[1],,384PP_DMSO2,A8,Destination[1],,384PP_Dest,N13,952.5,952.5,,,34.025,28.408,99.701,Percent,DMSO,
2019-12-20 13:17:54.253,Source[1],,384PP_DMSO2,A8,Destination[1],,384PP_Dest,M13,1220,1220,,,34.025,27.188,99.701,Percent,DMSO,
2019-12-20 13:17:56.970,Source[1],,384PP_DMSO2,A9,Destination[1],,384PP_Dest,C15,1465,1465,,,62.73,61.265,99.701,Percent,DMSO,
2019-12-20 13:18:00.473,Source[1],,384PP_DMSO2,A9,Destination[1],,384PP_Dest,B15,1495,1495,,,62.73,59.77,99.701,Percent,DMSO,
2019-12-20 13:18:03.667,Source[1],,384PP_DMSO2,A9,Destination[1],,384PP_Dest,A15,1500,1500,,,62.73,58.27,99.701,Percent,DMSO,
2019-12-20 13:18:06.870,Source[1],,384PP_DMSO2,A9,Destination[1],,384PP_Dest,A16,1500,1500,,,62.73,56.77,99.701,Percent,DMSO,
2019-12-20 13:18:10.074,Source[1],,384PP_DMSO2,A9,Destination[1],,384PP_Dest,B16,1495,1495,,,62.73,55.275,99.701,Percent,DMSO,
2019-12-20 13:18:13.267,Source[1],,384PP_DMSO2,A9,Destination[1],,384PP_Dest,C16,1465,1465,,,62.73,53.81,99.701,Percent,DMSO,
2019-12-20 13:18:16.401,Source[1],,384PP_DMSO2,B4,Destination[1],,384PP_Dest,C16,35,35,,,62.309,62.274,92.23,Percent,DMSO,
2019-12-20 13:18:16.977,Source[1],,384PP_DMSO2,B4,Destination[1],,384PP_Dest,B16,5,5,,,62.309,62.269,92.23,Percent,DMSO,
2019-12-20 13:18:17.187,Source[1],,384PP_DMSO2,B4,Destination[1],,384PP_Dest,B15,5,5,,,62.309,62.264,92.23,Percent,DMSO,
2019-12-20 13:18:17.397,Source[1],,384PP_DMSO2,B4,Destination[1],,384PP_Dest,C15,35,35,,,62.309,62.229,92.23,Percent,DMSO,
2019-12-20 13:18:17.667,Source[1],,384PP_DMSO2,B4,Destination[1],,384PP_Dest,D15,117.5,117.5,,,62.309,62.112,92.23,Percent,DMSO,
2019-12-20 13:18:18.101,Source[1],,384PP_DMSO2,B4,Destination[1],,384PP_Dest,M14,280,280,,,62.309,61.832,92.23,Percent,DMSO,
2019-12-20 13:18:19.148,Source[1],,384PP_DMSO2,B4,Destination[1],,384PP_Dest,N14,547.5,547.5,,,62.309,61.284,92.23,Percent,DMSO,
2019-12-20 13:18:20.443,Source[1],,384PP_DMSO2,B4,Destination[1],,384PP_Dest,O14,945,945,,,62.309,60.339,92.23,Percent,DMSO,
2019-12-20 13:18:22.532,Source[1],,384PP_DMSO2,B4,Destination[1],,384PP_Dest,P14,1500,1500,,,62.309,58.839,92.23,Percent,DMSO,
2019-12-20 13:18:25.810,Source[1],,384PP_DMSO2,B4,Destination[1],,384PP_Dest,P13,1500,1500,,,62.309,57.339,92.23,Percent,DMSO,
2019-12-20 13:18:29.014,Source[1],,384PP_DMSO2,B4,Destination[1],,384PP_Dest,O13,945,945,,,62.309,56.394,92.23,Percent,DMSO,
2019-12-20 13:18:31.030,Source[1],,384PP_DMSO2,B4,Destination[1],,384PP_Dest,N13,547.5,547.5,,,62.309,55.847,92.23,Percent,DMSO,
2019-12-20 13:18:32.324,Source[1],,384PP_DMSO2,B4,Destination[1],,384PP_Dest,M13,280,280,,,62.309,55.567,92.23,Percent,DMSO,
2019-12-20 13:18:51.238,Source[1],,384PP_DMSO2,A9,Destination[1],,384PP_Dest,D15,1382.5,1382.5,,,54.202,52.82,99.701,Percent,DMSO,
2019-12-20 13:18:54.636,Source[1],,384PP_DMSO2,A9,Destination[1],,384PP_Dest,E15,1220,1220,,,54.202,51.6,99.701,Percent,DMSO,
2019-12-20 13:18:57.280,Source[1],,384PP_DMSO2,A9,Destination[1],,384PP_Dest,F15,952.5,952.5,,,54.202,50.647,99.701,Percent,DMSO,
2019-12-20 13:18:59.310,Source[1],,384PP_DMSO2,A9,Destination[1],,384PP_Dest,G15,555,555,,,54.202,50.092,99.701,Percent,DMSO,
2019-12-20 13:19:00.619,Source[1],,384PP_DMSO2,A9,Destination[1],,384PP_Dest,G16,555,555,,,54.202,49.537,99.701,Percent,DMSO,
2019-12-20 13:19:01.929,Source[1],,384PP_DMSO2,A9,Destination[1],,384PP_Dest,F16,952.5,952.5,,,54.202,48.585,99.701,Percent,DMSO,
2019-12-20 13:19:04.034,Source[1],,384PP_DMSO2,A9,Destination[1],,384PP_Dest,E16,1220,1220,,,54.202,47.365,99.701,Percent,DMSO,
2019-12-20 13:19:06.752,Source[1],,384PP_DMSO2,A9,Destination[1],,384PP_Dest,D16,1382.5,1382.5,,,54.202,45.982,99.701,Percent,DMSO,
2019-12-20 13:19:09.721,Source[1],,384PP_DMSO2,A10,Destination[1],,384PP_Dest,I16,1500,1500,,,62.681,61.181,99.701,Percent,DMSO,
2019-12-20 13:19:13.072,Source[1],,384PP_DMSO2,A10,Destination[1],,384PP_Dest,J16,1495,1495,,,62.681,59.686,99.701,Percent,DMSO,
2019-12-20 13:19:16.266,Source[1],,384PP_DMSO2,A10,Destination[1],,384PP_Dest,K16,1465,1465,,,62.681,58.221,99.701,Percent,DMSO,
2019-12-20 13:19:19.400,Source[1],,384PP_DMSO2,A10,Destination[1],,384PP_Dest,K15,1465,1465,,,62.681,56.756,99.701,Percent,DMSO,
2019-12-20 13:19:22.533,Source[1],,384PP_DMSO2,A10,Destination[1],,384PP_Dest,J15,1495,1495,,,62.681,55.261,99.701,Percent,DMSO,
2019-12-20 13:19:25.727,Source[1],,384PP_DMSO2,A10,Destination[1],,384PP_Dest,I15,1500,1500,,,62.681,53.761,99.701,Percent,DMSO,
2019-12-20 13:19:28.932,Source[1],,384PP_DMSO2,B4,Destination[1],,384PP_Dest,H15,1500,1500,,,55.991,54.491,92.23,Percent,DMSO,
2019-12-20 13:19:32.566,Source[1],,384PP_DMSO2,B4,Destination[1],,384PP_Dest,G15,945,945,,,55.991,53.546,92.23,Percent,DMSO,
2019-12-20 13:19:34.581,Source[1],,384PP_DMSO2,B4,Destination[1],,384PP_Dest,F15,547.5,547.5,,,55.991,52.999,92.23,Percent,DMSO,
2019-12-20 13:19:35.876,Source[1],,384PP_DMSO2,B4,Destination[1],,384PP_Dest,E15,280,280,,,55.991,52.719,92.23,Percent,DMSO,
2019-12-20 13:19:36.636,Source[1],,384PP_DMSO2,B4,Destination[1],,384PP_Dest,E16,280,280,,,55.991,52.439,92.23,Percent,DMSO,
2019-12-20 13:19:37.396,Source[1],,384PP_DMSO2,B4,Destination[1],,384PP_Dest,D16,117.5,117.5,,,55.991,52.321,92.23,Percent,DMSO,
2019-12-20 13:19:37.831,Source[1],,384PP_DMSO2,B4,Destination[1],,384PP_Dest,F16,547.5,547.5,,,55.991,51.774,92.23,Percent,DMSO,
2019-12-20 13:19:39.126,Source[1],,384PP_DMSO2,B4,Destination[1],,384PP_Dest,G16,945,945,,,55.991,50.829,92.23,Percent,DMSO,
2019-12-20 13:19:41.216,Source[1],,384PP_DMSO2,B4,Destination[1],,384PP_Dest,H16,1500,1500,,,55.991,49.329,92.23,Percent,DMSO,
2019-12-20 13:19:44.495,Source[1],,384PP_DMSO2,B4,Destination[1],,384PP_Dest,J16,5,5,,,55.991,49.324,92.23,Percent,DMSO,
2019-12-20 13:19:44.675,Source[1],,384PP_DMSO2,B4,Destination[1],,384PP_Dest,K16,35,35,,,55.991,49.289,92.23,Percent,DMSO,
2019-12-20 13:19:44.944,Source[1],,384PP_DMSO2,B4,Destination[1],,384PP_Dest,K15,35,35,,,55.991,49.254,92.23,Percent,DMSO,
2019-12-20 13:19:45.213,Source[1],,384PP_DMSO2,B4,Destination[1],,384PP_Dest,J15,5,5,,,55.991,49.249,92.23,Percent,DMSO,
2019-12-20 13:19:45.423,Source[1],,384PP_DMSO2,B4,Destination[1],,384PP_Dest,L15,117.5,117.5,,,55.991,49.131,92.23,Percent,DMSO,
2019-12-20 13:20:03.930,Source[1],,384PP_DMSO2,A10,Destination[1],,384PP_Dest,L15,1382.5,1382.5,,,54.129,52.747,99.701,Percent,DMSO,
2019-12-20 13:20:07.418,Source[1],,384PP_DMSO2,A10,Destination[1],,384PP_Dest,M15,1220,1220,,,54.129,51.527,99.701,Percent,DMSO,
2019-12-20 13:20:10.062,Source[1],,384PP_DMSO2,A10,Destination[1],,384PP_Dest,N15,952.5,952.5,,,54.129,50.574,99.701,Percent,DMSO,
2019-12-20 13:20:12.092,Source[1],,384PP_DMSO2,A10,Destination[1],,384PP_Dest,O15,555,555,,,54.129,50.019,99.701,Percent,DMSO,
2019-12-20 13:20:13.401,Source[1],,384PP_DMSO2,A10,Destination[1],,384PP_Dest,O16,555,555,,,54.129,49.464,99.701,Percent,DMSO,
2019-12-20 13:20:14.711,Source[1],,384PP_DMSO2,A10,Destination[1],,384PP_Dest,N16,952.5,952.5,,,54.129,48.512,99.701,Percent,DMSO,
2019-12-20 13:20:16.815,Source[1],,384PP_DMSO2,A10,Destination[1],,384PP_Dest,M16,1220,1220,,,54.129,47.292,99.701,Percent,DMSO,
2019-12-20 13:20:19.533,Source[1],,384PP_DMSO2,A10,Destination[1],,384PP_Dest,L16,1382.5,1382.5,,,54.129,45.909,99.701,Percent,DMSO,
2019-12-20 13:20:22.504,Source[1],,384PP_DMSO2,A11,Destination[1],,384PP_Dest,C17,1952.5,1952.5,,,62.006,60.054,99.611,Percent,DMSO,
2019-12-20 13:20:26.940,Source[1],,384PP_DMSO2,A11,Destination[1],,384PP_Dest,B17,1995,1995,,,62.006,58.059,99.611,Percent,DMSO,
2019-12-20 13:20:31.134,Source[1],,384PP_DMSO2,A11,Destination[1],,384PP_Dest,A17,2000,2000,,,62.006,56.059,99.611,Percent,DMSO,
2019-12-20 13:20:35.337,Source[1],,384PP_DMSO2,A11,Destination[1],,384PP_Dest,A18,2000,2000,,,62.006,54.059,99.611,Percent,DMSO,
2019-12-20 13:20:39.542,Source[1],,384PP_DMSO2,A11,Destination[1],,384PP_Dest,B18,1995,1995,,,62.006,52.064,99.611,Percent,DMSO,
2019-12-20 13:20:43.736,Source[1],,384PP_DMSO2,B5,Destination[1],,384PP_Dest,B18,5,5,,,62.886,62.881,92.347,Percent,DMSO,
2019-12-20 13:20:44.342,Source[1],,384PP_DMSO2,B5,Destination[1],,384PP_Dest,C18,47.5,47.5,,,62.886,62.833,92.347,Percent,DMSO,
2019-12-20 13:20:44.636,Source[1],,384PP_DMSO2,B5,Destination[1],,384PP_Dest,C17,47.5,47.5,,,62.886,62.786,92.347,Percent,DMSO,
2019-12-20 13:20:44.931,Source[1],,384PP_DMSO2,B5,Destination[1],,384PP_Dest,B17,5,5,,,62.886,62.781,92.347,Percent,DMSO,
2019-12-20 13:20:45.141,Source[1],,384PP_DMSO2,B4,Destination[1],,384PP_Dest,L16,117.5,117.5,,,49.082,48.964,92.199,Percent,DMSO,
2019-12-20 13:20:45.911,Source[1],,384PP_DMSO2,B4,Destination[1],,384PP_Dest,M16,280,280,,,49.082,48.684,92.199,Percent,DMSO,
2019-12-20 13:20:46.671,Source[1],,384PP_DMSO2,B4,Destination[1],,384PP_Dest,N16,547.5,547.5,,,49.082,48.137,92.199,Percent,DMSO,
2019-12-20 13:20:47.966,Source[1],,384PP_DMSO2,B4,Destination[1],,384PP_Dest,O16,945,945,,,49.082,47.192,92.199,Percent,DMSO,
2019-12-20 13:20:50.055,Source[1],,384PP_DMSO2,B4,Destination[1],,384PP_Dest,P16,1500,1500,,,49.082,45.692,92.199,Percent,DMSO,
2019-12-20 13:20:53.335,Source[1],,384PP_DMSO2,B4,Destination[1],,384PP_Dest,P15,1500,1500,,,49.082,44.192,92.199,Percent,DMSO,
2019-12-20 13:20:56.540,Source[1],,384PP_DMSO2,B4,Destination[1],,384PP_Dest,O15,945,945,,,49.082,43.247,92.199,Percent,DMSO,
2019-12-20 13:20:58.556,Source[1],,384PP_DMSO2,B4,Destination[1],,384PP_Dest,N15,547.5,547.5,,,49.082,42.699,92.199,Percent,DMSO,
2019-12-20 13:20:59.850,Source[1],,384PP_DMSO2,B4,Destination[1],,384PP_Dest,M15,280,280,,,49.082,42.419,92.199,Percent,DMSO,
2019-12-20 13:21:18.162,Source[1],,384PP_DMSO2,A11,Destination[1],,384PP_Dest,C18,1952.5,1952.5,,,52.229,50.277,99.701,Percent,DMSO,
2019-12-20 13:21:22.790,Source[1],,384PP_DMSO2,A11,Destination[1],,384PP_Dest,D18,1842.5,1842.5,,,52.229,48.434,99.701,Percent,DMSO,
2019-12-20 13:21:26.679,Source[1],,384PP_DMSO2,A11,Destination[1],,384PP_Dest,E18,1627.5,1627.5,,,52.229,46.807,99.701,Percent,DMSO,
2019-12-20 13:21:30.137,Source[1],,384PP_DMSO2,A11,Destination[1],,384PP_Dest,E17,1627.5,1627.5,,,52.229,45.179,99.701,Percent,DMSO,
2019-12-20 13:21:33.596,Source[1],,384PP_DMSO2,A11,Destination[1],,384PP_Dest,D17,1842.5,1842.5,,,52.229,43.337,99.701,Percent,DMSO,
2019-12-20 13:21:37.484,Source[1],,384PP_DMSO2,B5,Destination[1],,384PP_Dest,D17,157.5,157.5,,,62.831,62.674,91.946,Percent,DMSO,
2019-12-20 13:21:38.394,Source[1],,384PP_DMSO2,B5,Destination[1],,384PP_Dest,E17,372.5,372.5,,,62.831,62.301,91.946,Percent,DMSO,
2019-12-20 13:21:39.338,Source[1],,384PP_DMSO2,B5,Destination[1],,384PP_Dest,F17,730,730,,,62.831,61.571,91.946,Percent,DMSO,
2019-12-20 13:21:40.998,Source[1],,384PP_DMSO2,B5,Destination[1],,384PP_Dest,E18,372.5,372.5,,,62.831,61.199,91.946,Percent,DMSO,
2019-12-20 13:21:41.942,Source[1],,384PP_DMSO2,B5,Destination[1],,384PP_Dest,D18,157.5,157.5,,,62.831,61.041,91.946,Percent,DMSO,
2019-12-20 13:22:00.221,Source[1],,384PP_DMSO2,A11,Destination[1],,384PP_Dest,F17,1270,1270,,,42.53,41.26,99.328,Percent,DMSO,
2019-12-20 13:22:03.484,Source[1],,384PP_DMSO2,A11,Destination[1],,384PP_Dest,G17,740,740,,,42.53,40.52,99.328,Percent,DMSO,
2019-12-20 13:22:05.089,Source[1],,384PP_DMSO2,A11,Destination[1],,384PP_Dest,G18,740,740,,,42.53,39.78,99.328,Percent,DMSO,
2019-12-20 13:22:06.770,Source[1],,384PP_DMSO2,A11,Destination[1],,384PP_Dest,F18,1270,1270,,,42.53,38.51,99.328,Percent,DMSO,
2019-12-20 13:22:09.588,Source[1],,384PP_DMSO2,A12,Destination[1],,384PP_Dest,I18,2000,2000,,,63.139,61.139,98.895,Percent,DMSO,
2019-12-20 13:22:13.868,Source[1],,384PP_DMSO2,A12,Destination[1],,384PP_Dest,J18,1995,1995,,,63.139,59.144,98.895,Percent,DMSO,
2019-12-20 13:22:18.061,Source[1],,384PP_DMSO2,A12,Destination[1],,384PP_Dest,J17,1995,1995,,,63.139,57.149,98.895,Percent,DMSO,
2019-12-20 13:22:22.255,Source[1],,384PP_DMSO2,A12,Destination[1],,384PP_Dest,I17,2000,2000,,,63.139,55.149,98.895,Percent,DMSO,
2019-12-20 13:22:26.460,Source[1],,384PP_DMSO2,A12,Destination[1],,384PP_Dest,K17,1952.5,1952.5,,,63.139,53.196,98.895,Percent,DMSO,
2019-12-20 13:22:30.574,Source[1],,384PP_DMSO2,B5,Destination[1],,384PP_Dest,K17,47.5,47.5,,,60.994,60.947,92.316,Percent,DMSO,
2019-12-20 13:22:31.353,Source[1],,384PP_DMSO2,B5,Destination[1],,384PP_Dest,J17,5,5,,,60.994,60.942,92.316,Percent,DMSO,
2019-12-20 13:22:31.563,Source[1],,384PP_DMSO2,B5,Destination[1],,384PP_Dest,J18,5,5,,,60.994,60.937,92.316,Percent,DMSO,
2019-12-20 13:22:31.773,Source[1],,384PP_DMSO2,B5,Destination[1],,384PP_Dest,K18,47.5,47.5,,,60.994,60.889,92.316,Percent,DMSO,
2019-12-20 13:22:32.068,Source[1],,384PP_DMSO2,B5,Destination[1],,384PP_Dest,H18,2000,2000,,,60.994,58.889,92.316,Percent,DMSO,
2019-12-20 13:22:36.322,Source[1],,384PP_DMSO2,B5,Destination[1],,384PP_Dest,G18,1260,1260,,,60.994,57.629,92.316,Percent,DMSO,
2019-12-20 13:22:39.046,Source[1],,384PP_DMSO2,B5,Destination[1],,384PP_Dest,F18,730,730,,,60.994,56.899,92.316,Percent,DMSO,
2019-12-20 13:22:40.630,Source[1],,384PP_DMSO2,B5,Destination[1],,384PP_Dest,G17,1260,1260,,,60.994,55.639,92.316,Percent,DMSO,
2019-12-20 13:22:43.426,Source[1],,384PP_DMSO2,B5,Destination[1],,384PP_Dest,H17,2000,2000,,,60.994,53.639,92.316,Percent,DMSO,
2019-12-20 13:23:05.308,Source[1],,384PP_DMSO2,A12,Destination[1],,384PP_Dest,K18,1952.5,1952.5,,,53.424,51.471,98.587,Percent,DMSO,
2019-12-20 13:23:10.024,Source[1],,384PP_DMSO2,A12,Destination[1],,384PP_Dest,L18,1842.5,1842.5,,,53.424,49.629,98.587,Percent,DMSO,
2019-12-20 13:23:13.913,Source[1],,384PP_DMSO2,A12,Destination[1],,384PP_Dest,M18,1627.5,1627.5,,,53.424,48.001,98.587,Percent,DMSO,
2019-12-20 13:23:17.373,Source[1],,384PP_DMSO2,A12,Destination[1],,384PP_Dest,M17,1627.5,1627.5,,,53.424,46.374,98.587,Percent,DMSO,
2019-12-20 13:23:20.832,Source[1],,384PP_DMSO2,A12,Destination[1],,384PP_Dest,L17,1842.5,1842.5,,,53.424,44.531,98.587,Percent,DMSO,
2019-12-20 13:23:24.721,Source[1],,384PP_DMSO2,B5,Destination[1],,384PP_Dest,L17,157.5,157.5,,,53.999,53.841,92.589,Percent,DMSO,
2019-12-20 13:23:25.721,Source[1],,384PP_DMSO2,B5,Destination[1],,384PP_Dest,M17,372.5,372.5,,,53.999,53.469,92.589,Percent,DMSO,
2019-12-20 13:23:26.666,Source[1],,384PP_DMSO2,B5,Destination[1],,384PP_Dest,N17,730,730,,,53.999,52.739,92.589,Percent,DMSO,
2019-12-20 13:23:28.326,Source[1],,384PP_DMSO2,B5,Destination[1],,384PP_Dest,M18,372.5,372.5,,,53.999,52.366,92.589,Percent,DMSO,
2019-12-20 13:23:29.271,Source[1],,384PP_DMSO2,B5,Destination[1],,384PP_Dest,L18,157.5,157.5,,,53.999,52.209,92.589,Percent,DMSO,
2019-12-20 13:23:47.535,Source[1],,384PP_DMSO2,A12,Destination[1],,384PP_Dest,N17,1270,1270,,,43.817,42.547,98.333,Percent,DMSO,
2019-12-20 13:23:50.889,Source[1],,384PP_DMSO2,A12,Destination[1],,384PP_Dest,O17,740,740,,,43.817,41.807,98.333,Percent,DMSO,
2019-12-20 13:23:52.494,Source[1],,384PP_DMSO2,A12,Destination[1],,384PP_Dest,O18,740,740,,,43.817,41.067,98.333,Percent,DMSO,
2019-12-20 13:23:54.174,Source[1],,384PP_DMSO2,A12,Destination[1],,384PP_Dest,N18,1270,1270,,,43.817,39.797,98.333,Percent,DMSO,
2019-12-20 13:23:56.993,Source[1],,384PP_DMSO2,A13,Destination[1],,384PP_Dest,C19,1952.5,1952.5,,,62.566,60.614,99.002,Percent,DMSO,
2019-12-20 13:24:01.518,Source[1],,384PP_DMSO2,A13,Destination[1],,384PP_Dest,B19,1995,1995,,,62.566,58.619,99.002,Percent,DMSO,
2019-12-20 13:24:05.712,Source[1],,384PP_DMSO2,A13,Destination[1],,384PP_Dest,A19,2000,2000,,,62.566,56.619,99.002,Percent,DMSO,
2019-12-20 13:24:09.917,Source[1],,384PP_DMSO2,A13,Destination[1],,384PP_Dest,A20,2000,2000,,,62.566,54.619,99.002,Percent,DMSO,
2019-12-20 13:24:14.120,Source[1],,384PP_DMSO2,A13,Destination[1],,384PP_Dest,B20,1995,1995,,,62.566,52.624,99.002,Percent,DMSO,
2019-12-20 13:24:18.314,Source[1],,384PP_DMSO2,B5,Destination[1],,384PP_Dest,B20,5,5,,,52.327,52.322,91.883,Percent,DMSO,
2019-12-20 13:24:19.098,Source[1],,384PP_DMSO2,B5,Destination[1],,384PP_Dest,C20,47.5,47.5,,,52.327,52.275,91.883,Percent,DMSO,
2019-12-20 13:24:19.393,Source[1],,384PP_DMSO2,B5,Destination[1],,384PP_Dest,C19,47.5,47.5,,,52.327,52.227,91.883,Percent,DMSO,
2019-12-20 13:24:19.688,Source[1],,384PP_DMSO2,B5,Destination[1],,384PP_Dest,B19,5,5,,,52.327,52.222,91.883,Percent,DMSO,
2019-12-20 13:24:19.898,Source[1],,384PP_DMSO2,B5,Destination[1],,384PP_Dest,N18,730,730,,,52.327,51.492,91.883,Percent,DMSO,
2019-12-20 13:24:21.978,Source[1],,384PP_DMSO2,B5,Destination[1],,384PP_Dest,O18,1260,1260,,,52.327,50.232,91.883,Percent,DMSO,
2019-12-20 13:24:24.776,Source[1],,384PP_DMSO2,B5,Destination[1],,384PP_Dest,P18,2000,2000,,,52.327,48.232,91.883,Percent,DMSO,
2019-12-20 13:24:28.981,Source[1],,384PP_DMSO2,B5,Destination[1],,384PP_Dest,P17,2000,2000,,,52.327,46.232,91.883,Percent,DMSO,
2019-12-20 13:24:33.185,Source[1],,384PP_DMSO2,B5,Destination[1],,384PP_Dest,O17,1260,1260,,,52.327,44.972,91.883,Percent,DMSO,
2019-12-20 13:24:53.484,Source[1],,384PP_DMSO2,A13,Destination[1],,384PP_Dest,C20,1952.5,1952.5,,,53.204,51.251,98.702,Percent,DMSO,
2019-12-20 13:24:58.291,Source[1],,384PP_DMSO2,A13,Destination[1],,384PP_Dest,D20,1842.5,1842.5,,,53.204,49.409,98.702,Percent,DMSO,
2019-12-20 13:25:02.181,Source[1],,384PP_DMSO2,A13,Destination[1],,384PP_Dest,E20,1627.5,1627.5,,,53.204,47.781,98.702,Percent,DMSO,
2019-12-20 13:25:05.639,Source[1],,384PP_DMSO2,A13,Destination[1],,384PP_Dest,E19,1627.5,1627.5,,,53.204,46.154,98.702,Percent,DMSO,
2019-12-20 13:25:09.098,Source[1],,384PP_DMSO2,A13,Destination[1],,384PP_Dest,D19,1842.5,1842.5,,,53.204,44.311,98.702,Percent,DMSO,
2019-12-20 13:25:12.987,Source[1],,384PP_DMSO2,B5,Destination[1],,384PP_Dest,D19,157.5,157.5,,,44.37,44.213,92.221,Percent,DMSO,
2019-12-20 13:25:14.077,Source[1],,384PP_DMSO2,B5,Destination[1],,384PP_Dest,E19,372.5,372.5,,,44.37,43.84,92.221,Percent,DMSO,
2019-12-20 13:25:15.022,Source[1],,384PP_DMSO2,B5,Destination[1],,384PP_Dest,F19,730,730,,,44.37,43.11,92.221,Percent,DMSO,
2019-12-20 13:25:16.682,Source[1],,384PP_DMSO2,B5,Destination[1],,384PP_Dest,E20,372.5,372.5,,,44.37,42.738,92.221,Percent,DMSO,
2019-12-20 13:25:17.626,Source[1],,384PP_DMSO2,B5,Destination[1],,384PP_Dest,D20,157.5,157.5,,,44.37,42.58,92.221,Percent,DMSO,
2019-12-20 13:25:35.601,Source[1],,384PP_DMSO2,A13,Destination[1],,384PP_Dest,F19,1270,1270,,,43.509,42.239,99.002,Percent,DMSO,
2019-12-20 13:25:39.044,Source[1],,384PP_DMSO2,A13,Destination[1],,384PP_Dest,G19,740,740,,,43.509,41.499,99.002,Percent,DMSO,
2019-12-20 13:25:40.649,Source[1],,384PP_DMSO2,A13,Destination[1],,384PP_Dest,G20,740,740,,,43.509,40.759,99.002,Percent,DMSO,
2019-12-20 13:25:42.328,Source[1],,384PP_DMSO2,A13,Destination[1],,384PP_Dest,F20,1270,1270,,,43.509,39.489,99.002,Percent,DMSO,
2019-12-20 13:25:45.145,Source[1],,384PP_DMSO2,A14,Destination[1],,384PP_Dest,I20,2000,2000,,,62.294,60.294,99.701,Percent,DMSO,
2019-12-20 13:25:49.409,Source[1],,384PP_DMSO2,A14,Destination[1],,384PP_Dest,J20,1995,1995,,,62.294,58.299,99.701,Percent,DMSO,
2019-12-20 13:25:53.604,Source[1],,384PP_DMSO2,A14,Destination[1],,384PP_Dest,J19,1995,1995,,,62.294,56.304,99.701,Percent,DMSO,
2019-12-20 13:25:57.798,Source[1],,384PP_DMSO2,A14,Destination[1],,384PP_Dest,I19,2000,2000,,,62.294,54.304,99.701,Percent,DMSO,
2019-12-20 13:26:02.002,Source[1],,384PP_DMSO2,A14,Destination[1],,384PP_Dest,K19,1952.5,1952.5,,,62.294,52.352,99.701,Percent,DMSO,
2019-12-20 13:26:06.116,Source[1],,384PP_DMSO2,B6,Destination[1],,384PP_Dest,K19,47.5,47.5,,,62.112,62.065,92.473,Percent,DMSO,
2019-12-20 13:26:06.984,Source[1],,384PP_DMSO2,B6,Destination[1],,384PP_Dest,J19,5,5,,,62.112,62.06,92.473,Percent,DMSO,
2019-12-20 13:26:07.194,Source[1],,384PP_DMSO2,B6,Destination[1],,384PP_Dest,J20,5,5,,,62.112,62.055,92.473,Percent,DMSO,
2019-12-20 13:26:07.403,Source[1],,384PP_DMSO2,B6,Destination[1],,384PP_Dest,K20,47.5,47.5,,,62.112,62.007,92.473,Percent,DMSO,
2019-12-20 13:26:07.698,Source[1],,384PP_DMSO2,B5,Destination[1],,384PP_Dest,H20,2000,2000,,,42.518,40.518,91.915,Percent,DMSO,
2019-12-20 13:26:11.957,Source[1],,384PP_DMSO2,B5,Destination[1],,384PP_Dest,G20,1260,1260,,,42.518,39.258,91.915,Percent,DMSO,
2019-12-20 13:26:14.681,Source[1],,384PP_DMSO2,B5,Destination[1],,384PP_Dest,F20,730,730,,,42.518,38.528,91.915,Percent,DMSO,
2019-12-20 13:26:16.267,Source[1],,384PP_DMSO2,B5,Destination[1],,384PP_Dest,G19,1260,1260,,,42.518,37.268,91.915,Percent,DMSO,
2019-12-20 13:26:19.062,Source[1],,384PP_DMSO2,B5,Destination[1],,384PP_Dest,H19,2000,2000,,,42.518,35.268,91.915,Percent,DMSO,
2019-12-20 13:26:40.265,Source[1],,384PP_DMSO2,A14,Destination[1],,384PP_Dest,K20,1952.5,1952.5,,,52.717,50.765,99.701,Percent,DMSO,
2019-12-20 13:26:45.073,Source[1],,384PP_DMSO2,A14,Destination[1],,384PP_Dest,L20,1842.5,1842.5,,,52.717,48.922,99.701,Percent,DMSO,
2019-12-20 13:26:48.963,Source[1],,384PP_DMSO2,A14,Destination[1],,384PP_Dest,M20,1627.5,1627.5,,,52.717,47.295,99.701,Percent,DMSO,
2019-12-20 13:26:52.421,Source[1],,384PP_DMSO2,A14,Destination[1],,384PP_Dest,M19,1627.5,1627.5,,,52.717,45.667,99.701,Percent,DMSO,
2019-12-20 13:26:55.880,Source[1],,384PP_DMSO2,A14,Destination[1],,384PP_Dest,L19,1842.5,1842.5,,,52.717,43.825,99.701,Percent,DMSO,
2019-12-20 13:26:59.768,Source[1],,384PP_DMSO2,B6,Destination[1],,384PP_Dest,L19,157.5,157.5,,,61.902,61.745,92.784,Percent,DMSO,
2019-12-20 13:27:00.856,Source[1],,384PP_DMSO2,B6,Destination[1],,384PP_Dest,M19,372.5,372.5,,,61.902,61.372,92.784,Percent,DMSO,
2019-12-20 13:27:01.801,Source[1],,384PP_DMSO2,B6,Destination[1],,384PP_Dest,N19,730,730,,,61.902,60.642,92.784,Percent,DMSO,
2019-12-20 13:27:03.477,Source[1],,384PP_DMSO2,B6,Destination[1],,384PP_Dest,M20,372.5,372.5,,,61.902,60.27,92.784,Percent,DMSO,
2019-12-20 13:27:04.424,Source[1],,384PP_DMSO2,B6,Destination[1],,384PP_Dest,L20,157.5,157.5,,,61.902,60.112,92.784,Percent,DMSO,
2019-12-20 13:27:22.212,Source[1],,384PP_DMSO2,A14,Destination[1],,384PP_Dest,N19,1270,1270,,,42.975,41.705,99.701,Percent,DMSO,
2019-12-20 13:27:25.654,Source[1],,384PP_DMSO2,A14,Destination[1],,384PP_Dest,O19,740,740,,,42.975,40.965,99.701,Percent,DMSO,
2019-12-20 13:27:27.259,Source[1],,384PP_DMSO2,A14,Destination[1],,384PP_Dest,O20,740,740,,,42.975,40.225,99.701,Percent,DMSO,
2019-12-20 13:27:28.939,Source[1],,384PP_DMSO2,A14,Destination[1],,384PP_Dest,N20,1270,1270,,,42.975,38.955,99.701,Percent,DMSO,
2019-12-20 13:27:31.756,Source[1],,384PP_DMSO2,A15,Destination[1],,384PP_Dest,C21,1952.5,1952.5,,,62.939,60.986,99.625,Percent,DMSO,
2019-12-20 13:27:36.282,Source[1],,384PP_DMSO2,A15,Destination[1],,384PP_Dest,B21,1995,1995,,,62.939,58.991,99.625,Percent,DMSO,
2019-12-20 13:27:40.477,Source[1],,384PP_DMSO2,A15,Destination[1],,384PP_Dest,A21,2000,2000,,,62.939,56.991,99.625,Percent,DMSO,
2019-12-20 13:27:44.681,Source[1],,384PP_DMSO2,A15,Destination[1],,384PP_Dest,A22,2000,2000,,,62.939,54.991,99.625,Percent,DMSO,
2019-12-20 13:27:48.884,Source[1],,384PP_DMSO2,A15,Destination[1],,384PP_Dest,B22,1995,1995,,,62.939,52.996,99.625,Percent,DMSO,
2019-12-20 13:27:53.078,Source[1],,384PP_DMSO2,B6,Destination[1],,384PP_Dest,B22,5,5,,,60.058,60.053,92.784,Percent,DMSO,
2019-12-20 13:27:53.953,Source[1],,384PP_DMSO2,B6,Destination[1],,384PP_Dest,C22,47.5,47.5,,,60.058,60.006,92.784,Percent,DMSO,
2019-12-20 13:27:54.247,Source[1],,384PP_DMSO2,B6,Destination[1],,384PP_Dest,C21,47.5,47.5,,,60.058,59.958,92.784,Percent,DMSO,
2019-12-20 13:27:54.541,Source[1],,384PP_DMSO2,B6,Destination[1],,384PP_Dest,B21,5,5,,,60.058,59.953,92.784,Percent,DMSO,
2019-12-20 13:27:54.750,Source[1],,384PP_DMSO2,B6,Destination[1],,384PP_Dest,N20,730,730,,,60.058,59.223,92.784,Percent,DMSO,
2019-12-20 13:27:56.831,Source[1],,384PP_DMSO2,B6,Destination[1],,384PP_Dest,O20,1260,1260,,,60.058,57.963,92.784,Percent,DMSO,
2019-12-20 13:27:59.818,Source[1],,384PP_DMSO2,B6,Destination[1],,384PP_Dest,P20,2000,2000,,,60.058,55.963,92.784,Percent,DMSO,
2019-12-20 13:28:04.269,Source[1],,384PP_DMSO2,B6,Destination[1],,384PP_Dest,P19,2000,2000,,,60.058,53.963,92.784,Percent,DMSO,
2019-12-20 13:28:08.704,Source[1],,384PP_DMSO2,B6,Destination[1],,384PP_Dest,O19,1260,1260,,,60.058,52.703,92.784,Percent,DMSO,
2019-12-20 13:28:28.800,Source[1],,384PP_DMSO2,A15,Destination[1],,384PP_Dest,C22,1952.5,1952.5,,,53.293,51.34,99.701,Percent,DMSO,
2019-12-20 13:28:33.696,Source[1],,384PP_DMSO2,A15,Destination[1],,384PP_Dest,D22,1842.5,1842.5,,,53.293,49.498,99.701,Percent,DMSO,
2019-12-20 13:28:37.585,Source[1],,384PP_DMSO2,A15,Destination[1],,384PP_Dest,E22,1627.5,1627.5,,,53.293,47.87,99.701,Percent,DMSO,
2019-12-20 13:28:41.044,Source[1],,384PP_DMSO2,A15,Destination[1],,384PP_Dest,E21,1627.5,1627.5,,,53.293,46.243,99.701,Percent,DMSO,
2019-12-20 13:28:44.503,Source[1],,384PP_DMSO2,A15,Destination[1],,384PP_Dest,D21,1842.5,1842.5,,,53.293,44.4,99.701,Percent,DMSO,
2019-12-20 13:28:48.392,Source[1],,384PP_DMSO2,B6,Destination[1],,384PP_Dest,D21,157.5,157.5,,,52.426,52.268,93.065,Percent,DMSO,
2019-12-20 13:28:49.572,Source[1],,384PP_DMSO2,B6,Destination[1],,384PP_Dest,E21,372.5,372.5,,,52.426,51.896,93.065,Percent,DMSO,
2019-12-20 13:28:50.517,Source[1],,384PP_DMSO2,B6,Destination[1],,384PP_Dest,F21,730,730,,,52.426,51.166,93.065,Percent,DMSO,
2019-12-20 13:28:52.177,Source[1],,384PP_DMSO2,B6,Destination[1],,384PP_Dest,E22,372.5,372.5,,,52.426,50.793,93.065,Percent,DMSO,
2019-12-20 13:28:53.140,Source[1],,384PP_DMSO2,B6,Destination[1],,384PP_Dest,D22,157.5,157.5,,,52.426,50.636,93.065,Percent,DMSO,
2019-12-20 13:29:10.662,Source[1],,384PP_DMSO2,A15,Destination[1],,384PP_Dest,F21,1270,1270,,,43.351,42.081,99.625,Percent,DMSO,
2019-12-20 13:29:14.193,Source[1],,384PP_DMSO2,A15,Destination[1],,384PP_Dest,G21,740,740,,,43.351,41.341,99.625,Percent,DMSO,
2019-12-20 13:29:15.798,Source[1],,384PP_DMSO2,A15,Destination[1],,384PP_Dest,G22,740,740,,,43.351,40.601,99.625,Percent,DMSO,
2019-12-20 13:29:17.478,Source[1],,384PP_DMSO2,A15,Destination[1],,384PP_Dest,F22,1270,1270,,,43.351,39.331,99.625,Percent,DMSO,
2019-12-20 13:29:20.296,Source[1],,384PP_DMSO2,A16,Destination[1],,384PP_Dest,I22,2000,2000,,,63.086,61.086,99.692,Percent,DMSO,
2019-12-20 13:29:24.568,Source[1],,384PP_DMSO2,A16,Destination[1],,384PP_Dest,J22,1995,1995,,,63.086,59.091,99.692,Percent,DMSO,
2019-12-20 13:29:28.762,Source[1],,384PP_DMSO2,A16,Destination[1],,384PP_Dest,J21,1995,1995,,,63.086,57.096,99.692,Percent,DMSO,
2019-12-20 13:29:32.956,Source[1],,384PP_DMSO2,A16,Destination[1],,384PP_Dest,I21,2000,2000,,,63.086,55.096,99.692,Percent,DMSO,
2019-12-20 13:29:37.160,Source[1],,384PP_DMSO2,A16,Destination[1],,384PP_Dest,K21,1952.5,1952.5,,,63.086,53.144,99.692,Percent,DMSO,
2019-12-20 13:29:41.275,Source[1],,384PP_DMSO2,B7,Destination[1],,384PP_Dest,K21,47.5,47.5,,,63.019,62.972,93.098,Percent,DMSO,
2019-12-20 13:29:42.234,Source[1],,384PP_DMSO2,B7,Destination[1],,384PP_Dest,J21,5,5,,,63.019,62.967,93.098,Percent,DMSO,
2019-12-20 13:29:42.444,Source[1],,384PP_DMSO2,B7,Destination[1],,384PP_Dest,J22,5,5,,,63.019,62.962,93.098,Percent,DMSO,
2019-12-20 13:29:42.654,Source[1],,384PP_DMSO2,B7,Destination[1],,384PP_Dest,K22,47.5,47.5,,,63.019,62.914,93.098,Percent,DMSO,
2019-12-20 13:29:42.949,Source[1],,384PP_DMSO2,B6,Destination[1],,384PP_Dest,H22,2000,2000,,,50.636,48.636,92.074,Percent,DMSO,
2019-12-20 13:29:47.207,Source[1],,384PP_DMSO2,B6,Destination[1],,384PP_Dest,G22,1260,1260,,,50.636,47.376,92.074,Percent,DMSO,
2019-12-20 13:29:49.982,Source[1],,384PP_DMSO2,B6,Destination[1],,384PP_Dest,F22,730,730,,,50.636,46.646,92.074,Percent,DMSO,
2019-12-20 13:29:51.659,Source[1],,384PP_DMSO2,B6,Destination[1],,384PP_Dest,G21,1260,1260,,,50.636,45.386,92.074,Percent,DMSO,
2019-12-20 13:29:54.509,Source[1],,384PP_DMSO2,B6,Destination[1],,384PP_Dest,H21,2000,2000,,,50.636,43.386,92.074,Percent,DMSO,
2019-12-20 13:30:15.213,Source[1],,384PP_DMSO2,A16,Destination[1],,384PP_Dest,K22,1952.5,1952.5,,,53.555,51.602,99.051,Percent,DMSO,
2019-12-20 13:30:20.112,Source[1],,384PP_DMSO2,A16,Destination[1],,384PP_Dest,L22,1842.5,1842.5,,,53.555,49.76,99.051,Percent,DMSO,
2019-12-20 13:30:24.000,Source[1],,384PP_DMSO2,A16,Destination[1],,384PP_Dest,M22,1627.5,1627.5,,,53.555,48.132,99.051,Percent,DMSO,
2019-12-20 13:30:27.459,Source[1],,384PP_DMSO2,A16,Destination[1],,384PP_Dest,M21,1627.5,1627.5,,,53.555,46.505,99.051,Percent,DMSO,
2019-12-20 13:30:30.917,Source[1],,384PP_DMSO2,A16,Destination[1],,384PP_Dest,L21,1842.5,1842.5,,,53.555,44.662,99.051,Percent,DMSO,
2019-12-20 13:30:34.807,Source[1],,384PP_DMSO2,B7,Destination[1],,384PP_Dest,L21,157.5,157.5,,,62.925,62.768,92.734,Percent,DMSO,
2019-12-20 13:30:35.987,Source[1],,384PP_DMSO2,B7,Destination[1],,384PP_Dest,M21,372.5,372.5,,,62.925,62.395,92.734,Percent,DMSO,
2019-12-20 13:30:36.931,Source[1],,384PP_DMSO2,B7,Destination[1],,384PP_Dest,N21,730,730,,,62.925,61.665,92.734,Percent,DMSO,
2019-12-20 13:30:38.591,Source[1],,384PP_DMSO2,B7,Destination[1],,384PP_Dest,M22,372.5,372.5,,,62.925,61.293,92.734,Percent,DMSO,
2019-12-20 13:30:39.583,Source[1],,384PP_DMSO2,B7,Destination[1],,384PP_Dest,L22,157.5,157.5,,,62.925,61.135,92.734,Percent,DMSO,
2019-12-20 13:30:56.788,Source[1],,384PP_DMSO2,A16,Destination[1],,384PP_Dest,N21,1270,1270,,,43.625,42.355,99.386,Percent,DMSO,
2019-12-20 13:31:00.319,Source[1],,384PP_DMSO2,A16,Destination[1],,384PP_Dest,O21,740,740,,,43.625,41.615,99.386,Percent,DMSO,
2019-12-20 13:31:01.924,Source[1],,384PP_DMSO2,A16,Destination[1],,384PP_Dest,O22,740,740,,,43.625,40.875,99.386,Percent,DMSO,
2019-12-20 13:31:03.603,Source[1],,384PP_DMSO2,A16,Destination[1],,384PP_Dest,N22,1270,1270,,,43.625,39.605,99.386,Percent,DMSO,
2019-12-20 13:31:06.419,Source[1],,384PP_DMSO2,A17,Destination[1],,384PP_Dest,C23,1952.5,1952.5,,,63.53,61.577,98.648,Percent,DMSO,
2019-12-20 13:31:10.947,Source[1],,384PP_DMSO2,A17,Destination[1],,384PP_Dest,B23,1995,1995,,,63.53,59.582,98.648,Percent,DMSO,
2019-12-20 13:31:15.140,Source[1],,384PP_DMSO2,A17,Destination[1],,384PP_Dest,A23,2000,2000,,,63.53,57.582,98.648,Percent,DMSO,
2019-12-20 13:31:19.343,Source[1],,384PP_DMSO2,A17,Destination[1],,384PP_Dest,A24,2000,2000,,,63.53,55.582,98.648,Percent,DMSO,
2019-12-20 13:31:23.547,Source[1],,384PP_DMSO2,A17,Destination[1],,384PP_Dest,B24,1995,1995,,,63.53,53.587,98.648,Percent,DMSO,
2019-12-20 13:31:27.742,Source[1],,384PP_DMSO2,B7,Destination[1],,384PP_Dest,B24,5,5,,,61.01,61.005,92.41,Percent,DMSO,
2019-12-20 13:31:28.703,Source[1],,384PP_DMSO2,B7,Destination[1],,384PP_Dest,C24,47.5,47.5,,,61.01,60.957,92.41,Percent,DMSO,
2019-12-20 13:31:28.998,Source[1],,384PP_DMSO2,B7,Destination[1],,384PP_Dest,C23,47.5,47.5,,,61.01,60.91,92.41,Percent,DMSO,
2019-12-20 13:31:29.292,Source[1],,384PP_DMSO2,B7,Destination[1],,384PP_Dest,B23,5,5,,,61.01,60.905,92.41,Percent,DMSO,
2019-12-20 13:31:29.502,Source[1],,384PP_DMSO2,B7,Destination[1],,384PP_Dest,N22,730,730,,,61.01,60.175,92.41,Percent,DMSO,
2019-12-20 13:31:31.582,Source[1],,384PP_DMSO2,B7,Destination[1],,384PP_Dest,O22,1260,1260,,,61.01,58.915,92.41,Percent,DMSO,
2019-12-20 13:31:34.523,Source[1],,384PP_DMSO2,B7,Destination[1],,384PP_Dest,P22,2000,2000,,,61.01,56.915,92.41,Percent,DMSO,
2019-12-20 13:31:38.927,Source[1],,384PP_DMSO2,B7,Destination[1],,384PP_Dest,P21,2000,2000,,,61.01,54.915,92.41,Percent,DMSO,
2019-12-20 13:31:43.333,Source[1],,384PP_DMSO2,B7,Destination[1],,384PP_Dest,O21,1260,1260,,,61.01,53.655,92.41,Percent,DMSO,
2019-12-20 13:32:02.824,Source[1],,384PP_DMSO2,A17,Destination[1],,384PP_Dest,C24,1952.5,1952.5,,,53.877,51.925,98.627,Percent,DMSO,
2019-12-20 13:32:07.810,Source[1],,384PP_DMSO2,A17,Destination[1],,384PP_Dest,D24,1842.5,1842.5,,,53.877,50.082,98.627,Percent,DMSO,
2019-12-20 13:32:11.699,Source[1],,384PP_DMSO2,A17,Destination[1],,384PP_Dest,E24,1627.5,1627.5,,,53.877,48.455,98.627,Percent,DMSO,
2019-12-20 13:32:15.157,Source[1],,384PP_DMSO2,A17,Destination[1],,384PP_Dest,E23,1627.5,1627.5,,,53.877,46.827,98.627,Percent,DMSO,
2019-12-20 13:32:18.617,Source[1],,384PP_DMSO2,A17,Destination[1],,384PP_Dest,D23,1842.5,1842.5,,,53.877,44.985,98.627,Percent,DMSO,
2019-12-20 13:32:22.506,Source[1],,384PP_DMSO2,B7,Destination[1],,384PP_Dest,D23,157.5,157.5,,,53.639,53.481,92.41,Percent,DMSO,
2019-12-20 13:32:23.773,Source[1],,384PP_DMSO2,B7,Destination[1],,384PP_Dest,E23,372.5,372.5,,,53.639,53.109,92.41,Percent,DMSO,
2019-12-20 13:32:24.718,Source[1],,384PP_DMSO2,B7,Destination[1],,384PP_Dest,F23,730,730,,,53.639,52.379,92.41,Percent,DMSO,
2019-12-20 13:32:26.378,Source[1],,384PP_DMSO2,B7,Destination[1],,384PP_Dest,E24,372.5,372.5,,,53.639,52.006,92.41,Percent,DMSO,
2019-12-20 13:32:27.387,Source[1],,384PP_DMSO2,B7,Destination[1],,384PP_Dest,D24,157.5,157.5,,,53.639,51.849,92.41,Percent,DMSO,
2019-12-20 13:32:44.478,Source[1],,384PP_DMSO2,A17,Destination[1],,384PP_Dest,F23,1270,1270,,,44.324,43.054,98.38,Percent,DMSO,
2019-12-20 13:32:48.098,Source[1],,384PP_DMSO2,A17,Destination[1],,384PP_Dest,G23,740,740,,,44.324,42.314,98.38,Percent,DMSO,
2019-12-20 13:32:49.705,Source[1],,384PP_DMSO2,A17,Destination[1],,384PP_Dest,G24,740,740,,,44.324,41.574,98.38,Percent,DMSO,
2019-12-20 13:32:51.385,Source[1],,384PP_DMSO2,A17,Destination[1],,384PP_Dest,F24,1270,1270,,,44.324,40.304,98.38,Percent,DMSO,
2019-12-20 13:32:54.205,Source[1],,384PP_DMSO2,A18,Destination[1],,384PP_Dest,I24,2000,2000,,,63.773,61.773,98.102,Percent,DMSO,
2019-12-20 13:32:58.475,Source[1],,384PP_DMSO2,A18,Destination[1],,384PP_Dest,J24,1995,1995,,,63.773,59.778,98.102,Percent,DMSO,
2019-12-20 13:33:02.669,Source[1],,384PP_DMSO2,A18,Destination[1],,384PP_Dest,J23,1995,1995,,,63.773,57.783,98.102,Percent,DMSO,
2019-12-20 13:33:06.863,Source[1],,384PP_DMSO2,A18,Destination[1],,384PP_Dest,I23,2000,2000,,,63.773,55.783,98.102,Percent,DMSO,
2019-12-20 13:33:11.068,Source[1],,384PP_DMSO2,A18,Destination[1],,384PP_Dest,K23,1952.5,1952.5,,,63.773,53.831,98.102,Percent,DMSO,
2019-12-20 13:33:15.180,Source[1],,384PP_DMSO2,B7,Destination[1],,384PP_Dest,K23,47.5,47.5,,,51.693,51.645,92.422,Percent,DMSO,
2019-12-20 13:33:16.317,Source[1],,384PP_DMSO2,B7,Destination[1],,384PP_Dest,J23,5,5,,,51.693,51.64,92.422,Percent,DMSO,
2019-12-20 13:33:16.526,Source[1],,384PP_DMSO2,B7,Destination[1],,384PP_Dest,J24,5,5,,,51.693,51.635,92.422,Percent,DMSO,
2019-12-20 13:33:16.735,Source[1],,384PP_DMSO2,B7,Destination[1],,384PP_Dest,K24,47.5,47.5,,,51.693,51.588,92.422,Percent,DMSO,
2019-12-20 13:33:17.029,Source[1],,384PP_DMSO2,B7,Destination[1],,384PP_Dest,H24,2000,2000,,,51.693,49.588,92.422,Percent,DMSO,
2019-12-20 13:33:21.432,Source[1],,384PP_DMSO2,B7,Destination[1],,384PP_Dest,G24,1260,1260,,,51.693,48.328,92.422,Percent,DMSO,
2019-12-20 13:33:24.419,Source[1],,384PP_DMSO2,B7,Destination[1],,384PP_Dest,F24,730,730,,,51.693,47.598,92.422,Percent,DMSO,
2019-12-20 13:33:26.155,Source[1],,384PP_DMSO2,B7,Destination[1],,384PP_Dest,G23,1260,1260,,,51.693,46.338,92.422,Percent,DMSO,
2019-12-20 13:33:29.067,Source[1],,384PP_DMSO2,B7,Destination[1],,384PP_Dest,H23,2000,2000,,,51.693,44.338,92.422,Percent,DMSO,
2019-12-20 13:33:49.878,Source[1],,384PP_DMSO2,A18,Destination[1],,384PP_Dest,K24,1952.5,1952.5,,,54.255,52.302,98.683,Percent,DMSO,
2019-12-20 13:33:54.952,Source[1],,384PP_DMSO2,A18,Destination[1],,384PP_Dest,L24,1842.5,1842.5,,,54.255,50.46,98.683,Percent,DMSO,
2019-12-20 13:33:58.841,Source[1],,384PP_DMSO2,A18,Destination[1],,384PP_Dest,M24,1627.5,1627.5,,,54.255,48.832,98.683,Percent,DMSO,
2019-12-20 13:34:02.300,Source[1],,384PP_DMSO2,A18,Destination[1],,384PP_Dest,M23,1627.5,1627.5,,,54.255,47.205,98.683,Percent,DMSO,
2019-12-20 13:34:05.760,Source[1],,384PP_DMSO2,A18,Destination[1],,384PP_Dest,L23,1842.5,1842.5,,,54.255,45.362,98.683,Percent,DMSO,
2019-12-20 13:34:09.648,Source[1],,384PP_DMSO2,B7,Destination[1],,384PP_Dest,L23,157.5,157.5,,,43.484,43.326,92.422,Percent,DMSO,
2019-12-20 13:34:11.006,Source[1],,384PP_DMSO2,B7,Destination[1],,384PP_Dest,M23,372.5,372.5,,,43.484,42.954,92.422,Percent,DMSO,
2019-12-20 13:34:11.950,Source[1],,384PP_DMSO2,B7,Destination[1],,384PP_Dest,N23,730,730,,,43.484,42.224,92.422,Percent,DMSO,
2019-12-20 13:34:13.610,Source[1],,384PP_DMSO2,B7,Destination[1],,384PP_Dest,M24,372.5,372.5,,,43.484,41.851,92.422,Percent,DMSO,
2019-12-20 13:34:14.555,Source[1],,384PP_DMSO2,B7,Destination[1],,384PP_Dest,L24,157.5,157.5,,,43.484,41.694,92.422,Percent,DMSO,
2019-12-20 13:34:31.500,Source[1],,384PP_DMSO2,A18,Destination[1],,384PP_Dest,N23,1270,1270,,,44.609,43.339,98.393,Percent,DMSO,
2019-12-20 13:34:35.211,Source[1],,384PP_DMSO2,A18,Destination[1],,384PP_Dest,O23,740,740,,,44.609,42.599,98.393,Percent,DMSO,
2019-12-20 13:34:36.815,Source[1],,384PP_DMSO2,A18,Destination[1],,384PP_Dest,O24,740,740,,,44.609,41.859,98.393,Percent,DMSO,
2019-12-20 13:34:38.495,Source[1],,384PP_DMSO2,A18,Destination[1],,384PP_Dest,N24,1270,1270,,,44.609,40.589,98.393,Percent,DMSO,
2019-12-20 13:34:41.313,Source[1],,384PP_DMSO2,B7,Destination[1],,384PP_Dest,N24,730,730,,,41.521,40.791,92.34,Percent,DMSO,
2019-12-20 13:34:43.814,Source[1],,384PP_DMSO2,B7,Destination[1],,384PP_Dest,O24,1260,1260,,,41.521,39.531,92.34,Percent,DMSO,
2019-12-20 13:34:46.613,Source[1],,384PP_DMSO2,B7,Destination[1],,384PP_Dest,P24,2000,2000,,,41.521,37.531,92.34,Percent,DMSO,
2019-12-20 13:34:50.817,Source[1],,384PP_DMSO2,B7,Destination[1],,384PP_Dest,P23,2000,2000,,,41.521,35.531,92.34,Percent,DMSO,
2019-12-20 13:34:55.022,Source[1],,384PP_DMSO2,B7,Destination[1],,384PP_Dest,O23,1260,1260,,,41.521,34.271,92.34,Percent,DMSO,

Instrument Name,E6XX-19002
Instrument Model,Echo 650
Instrument Serial Number,E6XX-19002
Instrument Software Version,3.0.2

