Run ID,1576849018
Run Date/Time,2019-12-20 13:37:24
Application Name,Labcyte Echo Plate Reformat
Application Version,1.7.2
Protocol Name,Protocol 1.epr
Order ID,
Reference ID,
User Name,Lab

[EXCEPTIONS]
Date Time Point,Source Plate Name,Source Plate Barcode,Source Plate Type,Source Well,Destination Plate Name,Destination Plate Barcode,Destination Plate Type,Destination Well,Transfer Volume,Actual Volume,Sample ID,Sample Name,Survey Fluid Volume,Current Fluid Volume,Fluid Composition,Fluid Units,Fluid Type,Transfer Status
2019-12-20 13:46:33.440,Source[1],,384PP_DMSO2,A5,Destination[1],,384PP_Dest,D10,1382.5,1000,,,17.095,9.258,98.187,Percent,DMSO,MM0202006: Problem calc. eo fc: 1.64553 ft: 0.473011
2019-12-20 13:46:35.583,Source[1],,384PP_DMSO2,A5,Destination[1],,384PP_Dest,I9,1500,0,,,17.095,9.258,98.187,Percent,DMSO,MM0202006: Problem calc. eo fc: 1.64553 ft: 0.473011
2019-12-20 13:46:41.256,Source[1],,384PP_DMSO2,B2,Destination[1],,384PP_Dest,F9,547.5,0,,,11.359,8.914,90.383,Percent,DMSO,MM0202006: Problem calc. eo fc: 1.71117 ft: 0.467675
2019-12-20 13:46:41.366,Source[1],,384PP_DMSO2,B2,Destination[1],,384PP_Dest,E9,280,0,,,11.359,8.914,90.383,Percent,DMSO,MM0202006: Problem calc. eo fc: 1.71117 ft: 0.467675
2019-12-20 13:46:41.480,Source[1],,384PP_DMSO2,B2,Destination[1],,384PP_Dest,E10,280,0,,,11.359,8.914,90.383,Percent,DMSO,MM0202006: Problem calc. eo fc: 1.71117 ft: 0.467675
2019-12-20 13:46:41.591,Source[1],,384PP_DMSO2,B2,Destination[1],,384PP_Dest,D10,117.5,0,,,11.359,8.914,90.383,Percent,DMSO,MM0202006: Problem calc. eo fc: 1.71117 ft: 0.467675
2019-12-20 13:46:41.702,Source[1],,384PP_DMSO2,B2,Destination[1],,384PP_Dest,F10,547.5,0,,,11.359,8.914,90.383,Percent,DMSO,MM0202006: Problem calc. eo fc: 1.71117 ft: 0.467675
2019-12-20 13:46:41.859,Source[1],,384PP_DMSO2,B2,Destination[1],,384PP_Dest,G10,945,0,,,11.359,8.914,90.383,Percent,DMSO,MM0202006: Problem calc. eo fc: 1.71117 ft: 0.467675
2019-12-20 13:46:41.970,Source[1],,384PP_DMSO2,B2,Destination[1],,384PP_Dest,H10,1500,0,,,11.359,8.914,90.383,Percent,DMSO,MM0202006: Problem calc. eo fc: 1.71117 ft: 0.467675
2019-12-20 13:47:01.259,Source[1],,384PP_DMSO2,A5,Destination[1],,384PP_Dest,I10,1500,0,,,5.761,5.761,97.621,Percent,DMSO,MM0202006: Problem calc. eo fc: 1.65102 ft: 0.295014
2019-12-20 13:47:22.946,Source[1],,384PP_DMSO2,B2,Destination[1],,384PP_Dest,M9,280,0,,,7.895,7.895,90.69,Percent,DMSO,MM0202006: Problem calc. eo fc: 1.70891 ft: 0.413836
2019-12-20 13:47:23.346,Source[1],,384PP_DMSO2,B2,Destination[1],,384PP_Dest,L9,117.5,0,,,7.895,7.895,90.69,Percent,DMSO,MM0202006: Problem calc. eo fc: 1.70891 ft: 0.413836
2019-12-20 13:47:23.457,Source[1],,384PP_DMSO2,B2,Destination[1],,384PP_Dest,K9,35,0,,,7.895,7.895,90.69,Percent,DMSO,MM0202006: Problem calc. eo fc: 1.70891 ft: 0.413836
2019-12-20 13:47:23.568,Source[1],,384PP_DMSO2,B2,Destination[1],,384PP_Dest,J9,5,0,,,7.895,7.895,90.69,Percent,DMSO,MM0202006: Problem calc. eo fc: 1.70891 ft: 0.413836
2019-12-20 13:47:23.679,Source[1],,384PP_DMSO2,B2,Destination[1],,384PP_Dest,J10,5,0,,,7.895,7.895,90.69,Percent,DMSO,MM0202006: Problem calc. eo fc: 1.70891 ft: 0.413836
2019-12-20 13:47:23.790,Source[1],,384PP_DMSO2,B2,Destination[1],,384PP_Dest,K10,35,0,,,7.895,7.895,90.69,Percent,DMSO,MM0202006: Problem calc. eo fc: 1.70891 ft: 0.413836
2019-12-20 13:47:23.902,Source[1],,384PP_DMSO2,B2,Destination[1],,384PP_Dest,L10,117.5,0,,,7.895,7.895,90.69,Percent,DMSO,MM0202006: Problem calc. eo fc: 1.70891 ft: 0.413836
2019-12-20 13:47:24.013,Source[1],,384PP_DMSO2,B2,Destination[1],,384PP_Dest,M10,280,0,,,7.895,7.895,90.69,Percent,DMSO,MM0202006: Problem calc. eo fc: 1.70891 ft: 0.413836
2019-12-20 13:51:45.955,Source[1],,384PP_DMSO2,A8,Destination[1],,384PP_Dest,D14,1382.5,1000,,,17.178,9.34,98.119,Percent,DMSO,MM0202006: Problem calc. eo fc: 1.64619 ft: 0.477354
2019-12-20 13:51:48.081,Source[1],,384PP_DMSO2,A8,Destination[1],,384PP_Dest,I13,1500,0,,,17.178,9.34,98.119,Percent,DMSO,MM0202006: Problem calc. eo fc: 1.64619 ft: 0.477354
2019-12-20 13:52:21.509,Source[1],,384PP_DMSO2,A8,Destination[1],,384PP_Dest,I14,1500,0,,,0,0,0,Percent,DMSO,MM0202007: Problem calc. well fluid volume fc: 0 ft: 0
2019-12-20 14:10:20.848,Source[1],,384PP_DMSO2,B7,Destination[1],,384PP_Dest,O24,1260,1000,,,11.073,8.813,91.893,Percent,DMSO,MM0202006: Problem calc. eo fc: 1.69983 ft: 0.460314
2019-12-20 14:10:22.973,Source[1],,384PP_DMSO2,B7,Destination[1],,384PP_Dest,N24,730,0,,,11.073,8.813,91.893,Percent,DMSO,MM0202006: Problem calc. eo fc: 1.69983 ft: 0.460314

[DETAILS]
Date Time Point,Source Plate Name,Source Plate Barcode,Source Plate Type,Source Well,Destination Plate Name,Destination Plate Barcode,Destination Plate Type,Destination Well,Transfer Volume,Actual Volume,Sample ID,Sample Name,Survey Fluid Volume,Current Fluid Volume,Fluid Composition,Fluid Units,Fluid Type,Transfer Status
2019-12-20 13:37:59.530,Source[1],,384PP_DMSO2,A1,Destination[1],,384PP_Dest,A1,1000,1000,,,39.812,38.812,98.221,Percent,DMSO,
2019-12-20 13:38:02.654,Source[1],,384PP_DMSO2,A1,Destination[1],,384PP_Dest,B1,997.5,997.5,,,39.812,37.814,98.221,Percent,DMSO,
2019-12-20 13:38:04.848,Source[1],,384PP_DMSO2,B1,Destination[1],,384PP_Dest,B1,2.5,2.5,,,39.906,39.904,89.727,Percent,DMSO,
2019-12-20 13:38:05.052,Source[1],,384PP_DMSO2,B1,Destination[1],,384PP_Dest,C1,22.5,22.5,,,39.906,39.881,89.727,Percent,DMSO,
2019-12-20 13:38:05.297,Source[1],,384PP_DMSO2,A1,Destination[1],,384PP_Dest,C1,977.5,977.5,,,39.812,36.837,98.221,Percent,DMSO,
2019-12-20 13:38:07.452,Source[1],,384PP_DMSO2,A1,Destination[1],,384PP_Dest,D1,922.5,922.5,,,39.812,35.914,98.221,Percent,DMSO,
2019-12-20 13:38:09.496,Source[1],,384PP_DMSO2,B1,Destination[1],,384PP_Dest,D1,77.5,77.5,,,39.906,39.804,89.727,Percent,DMSO,
2019-12-20 13:38:09.851,Source[1],,384PP_DMSO2,B1,Destination[1],,384PP_Dest,E1,187.5,187.5,,,39.906,39.616,89.727,Percent,DMSO,
2019-12-20 13:38:10.425,Source[1],,384PP_DMSO2,A1,Destination[1],,384PP_Dest,E1,812.5,812.5,,,39.812,35.102,98.221,Percent,DMSO,
2019-12-20 13:38:12.250,Source[1],,384PP_DMSO2,A1,Destination[1],,384PP_Dest,E2,812.5,812.5,,,39.812,34.289,98.221,Percent,DMSO,
2019-12-20 13:38:14.074,Source[1],,384PP_DMSO2,B1,Destination[1],,384PP_Dest,E2,187.5,187.5,,,39.906,39.429,89.727,Percent,DMSO,
2019-12-20 13:38:14.649,Source[1],,384PP_DMSO2,B1,Destination[1],,384PP_Dest,D2,77.5,77.5,,,39.906,39.351,89.727,Percent,DMSO,
2019-12-20 13:38:15.004,Source[1],,384PP_DMSO2,A1,Destination[1],,384PP_Dest,D2,922.5,922.5,,,39.812,33.367,98.221,Percent,DMSO,
2019-12-20 13:38:17.048,Source[1],,384PP_DMSO2,A1,Destination[1],,384PP_Dest,C2,977.5,977.5,,,39.812,32.389,98.221,Percent,DMSO,
2019-12-20 13:38:19.203,Source[1],,384PP_DMSO2,B1,Destination[1],,384PP_Dest,C2,22.5,22.5,,,39.906,39.329,89.727,Percent,DMSO,
2019-12-20 13:38:19.448,Source[1],,384PP_DMSO2,B1,Destination[1],,384PP_Dest,B2,2.5,2.5,,,39.906,39.326,89.727,Percent,DMSO,
2019-12-20 13:38:19.652,Source[1],,384PP_DMSO2,A1,Destination[1],,384PP_Dest,B2,997.5,997.5,,,39.812,31.392,98.221,Percent,DMSO,
2019-12-20 13:38:21.847,Source[1],,384PP_DMSO2,A1,Destination[1],,384PP_Dest,A2,1000,1000,,,39.812,30.392,98.221,Percent,DMSO,
2019-12-20 13:38:24.047,Source[1],,384PP_DMSO2,B1,Destination[1],,384PP_Dest,F1,365,365,,,39.906,38.961,89.727,Percent,DMSO,
2019-12-20 13:38:44.585,Source[1],,384PP_DMSO2,A1,Destination[1],,384PP_Dest,F1,635,635,,,29.393,28.758,98.344,Percent,DMSO,
2019-12-20 13:38:46.082,Source[1],,384PP_DMSO2,A1,Destination[1],,384PP_Dest,G1,370,370,,,29.393,28.388,98.344,Percent,DMSO,
2019-12-20 13:38:47.022,Source[1],,384PP_DMSO2,B1,Destination[1],,384PP_Dest,G1,630,630,,,38.558,37.928,90.609,Percent,DMSO,
2019-12-20 13:38:48.481,Source[1],,384PP_DMSO2,B1,Destination[1],,384PP_Dest,H1,1000,1000,,,38.558,36.928,90.609,Percent,DMSO,
2019-12-20 13:38:50.681,Source[1],,384PP_DMSO2,B1,Destination[1],,384PP_Dest,H2,1000,1000,,,38.558,35.928,90.609,Percent,DMSO,
2019-12-20 13:38:52.881,Source[1],,384PP_DMSO2,B1,Destination[1],,384PP_Dest,G2,630,630,,,38.558,35.298,90.609,Percent,DMSO,
2019-12-20 13:38:54.340,Source[1],,384PP_DMSO2,A1,Destination[1],,384PP_Dest,G2,370,370,,,29.393,28.018,98.344,Percent,DMSO,
2019-12-20 13:38:55.280,Source[1],,384PP_DMSO2,A1,Destination[1],,384PP_Dest,F2,635,635,,,29.393,27.383,98.344,Percent,DMSO,
2019-12-20 13:38:56.750,Source[1],,384PP_DMSO2,B1,Destination[1],,384PP_Dest,F2,365,365,,,38.558,34.933,90.609,Percent,DMSO,
2019-12-20 13:38:57.679,Source[1],,384PP_DMSO2,A1,Destination[1],,384PP_Dest,I2,1000,1000,,,29.393,26.383,98.344,Percent,DMSO,
2019-12-20 13:38:59.944,Source[1],,384PP_DMSO2,A1,Destination[1],,384PP_Dest,J2,997.5,997.5,,,29.393,25.385,98.344,Percent,DMSO,
2019-12-20 13:39:02.139,Source[1],,384PP_DMSO2,B1,Destination[1],,384PP_Dest,J2,2.5,2.5,,,38.558,34.93,90.609,Percent,DMSO,
2019-12-20 13:39:02.343,Source[1],,384PP_DMSO2,B1,Destination[1],,384PP_Dest,K2,22.5,22.5,,,38.558,34.908,90.609,Percent,DMSO,
2019-12-20 13:39:02.588,Source[1],,384PP_DMSO2,A1,Destination[1],,384PP_Dest,K2,977.5,977.5,,,29.393,24.408,98.344,Percent,DMSO,
2019-12-20 13:39:04.742,Source[1],,384PP_DMSO2,A1,Destination[1],,384PP_Dest,L2,922.5,922.5,,,29.393,23.485,98.344,Percent,DMSO,
2019-12-20 13:39:06.786,Source[1],,384PP_DMSO2,B1,Destination[1],,384PP_Dest,L2,77.5,77.5,,,38.558,34.83,90.609,Percent,DMSO,
2019-12-20 13:39:07.140,Source[1],,384PP_DMSO2,B1,Destination[1],,384PP_Dest,L1,77.5,77.5,,,38.558,34.753,90.609,Percent,DMSO,
2019-12-20 13:39:07.494,Source[1],,384PP_DMSO2,A1,Destination[1],,384PP_Dest,L1,922.5,922.5,,,29.393,22.563,98.344,Percent,DMSO,
2019-12-20 13:39:09.538,Source[1],,384PP_DMSO2,A1,Destination[1],,384PP_Dest,K1,977.5,977.5,,,29.393,21.585,98.344,Percent,DMSO,
2019-12-20 13:39:11.692,Source[1],,384PP_DMSO2,B1,Destination[1],,384PP_Dest,K1,22.5,22.5,,,38.558,34.73,90.609,Percent,DMSO,
2019-12-20 13:39:11.936,Source[1],,384PP_DMSO2,B1,Destination[1],,384PP_Dest,J1,2.5,2.5,,,38.558,34.728,90.609,Percent,DMSO,
2019-12-20 13:39:12.141,Source[1],,384PP_DMSO2,A1,Destination[1],,384PP_Dest,J1,997.5,997.5,,,29.393,20.588,98.344,Percent,DMSO,
2019-12-20 13:39:14.336,Source[1],,384PP_DMSO2,A1,Destination[1],,384PP_Dest,I1,1000,1000,,,29.393,19.588,98.344,Percent,DMSO,
2019-12-20 13:39:16.536,Source[1],,384PP_DMSO2,B1,Destination[1],,384PP_Dest,M1,187.5,187.5,,,38.558,34.54,90.609,Percent,DMSO,
2019-12-20 13:39:36.569,Source[1],,384PP_DMSO2,A1,Destination[1],,384PP_Dest,M1,812.5,812.5,,,18.619,17.807,98.933,Percent,DMSO,
2019-12-20 13:39:38.421,Source[1],,384PP_DMSO2,A1,Destination[1],,384PP_Dest,N1,635,635,,,18.619,17.172,98.933,Percent,DMSO,
2019-12-20 13:39:39.890,Source[1],,384PP_DMSO2,B1,Destination[1],,384PP_Dest,N1,365,365,,,34.304,33.939,90.637,Percent,DMSO,
2019-12-20 13:39:40.819,Source[1],,384PP_DMSO2,B1,Destination[1],,384PP_Dest,O1,630,630,,,34.304,33.309,90.637,Percent,DMSO,
2019-12-20 13:39:42.282,Source[1],,384PP_DMSO2,A1,Destination[1],,384PP_Dest,O1,370,370,,,18.619,16.802,98.933,Percent,DMSO,
2019-12-20 13:39:43.218,Source[1],,384PP_DMSO2,A1,Destination[1],,384PP_Dest,O2,370,370,,,18.619,16.432,98.933,Percent,DMSO,
2019-12-20 13:39:44.158,Source[1],,384PP_DMSO2,B1,Destination[1],,384PP_Dest,O2,630,630,,,34.304,32.679,90.637,Percent,DMSO,
2019-12-20 13:39:45.618,Source[1],,384PP_DMSO2,B1,Destination[1],,384PP_Dest,N2,365,365,,,34.304,32.314,90.637,Percent,DMSO,
2019-12-20 13:39:46.548,Source[1],,384PP_DMSO2,A1,Destination[1],,384PP_Dest,N2,635,635,,,18.619,15.797,98.933,Percent,DMSO,
2019-12-20 13:39:48.018,Source[1],,384PP_DMSO2,A1,Destination[1],,384PP_Dest,M2,812.5,812.5,,,18.619,14.984,98.933,Percent,DMSO,
2019-12-20 13:39:49.843,Source[1],,384PP_DMSO2,B1,Destination[1],,384PP_Dest,M2,187.5,187.5,,,34.304,32.126,90.637,Percent,DMSO,
2019-12-20 13:39:50.417,Source[1],,384PP_DMSO2,B1,Destination[1],,384PP_Dest,P2,1000,1000,,,34.304,31.126,90.637,Percent,DMSO,
2019-12-20 13:39:52.632,Source[1],,384PP_DMSO2,B1,Destination[1],,384PP_Dest,P1,1000,1000,,,34.304,30.126,90.637,Percent,DMSO,
2019-12-20 13:39:54.832,Source[1],,384PP_DMSO2,B1,Destination[1],,384PP_Dest,F3,365,365,,,34.304,29.761,90.637,Percent,DMSO,
2019-12-20 13:39:56.092,Source[1],,384PP_DMSO2,B1,Destination[1],,384PP_Dest,E3,187.5,187.5,,,34.304,29.574,90.637,Percent,DMSO,
2019-12-20 13:39:56.667,Source[1],,384PP_DMSO2,B1,Destination[1],,384PP_Dest,D3,77.5,77.5,,,34.304,29.496,90.637,Percent,DMSO,
2019-12-20 13:39:57.022,Source[1],,384PP_DMSO2,B1,Destination[1],,384PP_Dest,C3,22.5,22.5,,,34.304,29.474,90.637,Percent,DMSO,
2019-12-20 13:39:57.267,Source[1],,384PP_DMSO2,B1,Destination[1],,384PP_Dest,B3,2.5,2.5,,,34.304,29.471,90.637,Percent,DMSO,
2019-12-20 13:39:57.471,Source[1],,384PP_DMSO2,B1,Destination[1],,384PP_Dest,B4,2.5,2.5,,,34.304,29.469,90.637,Percent,DMSO,
2019-12-20 13:39:57.675,Source[1],,384PP_DMSO2,B1,Destination[1],,384PP_Dest,C4,22.5,22.5,,,34.304,29.446,90.637,Percent,DMSO,
2019-12-20 13:39:57.920,Source[1],,384PP_DMSO2,B1,Destination[1],,384PP_Dest,D4,77.5,77.5,,,34.304,29.369,90.637,Percent,DMSO,
2019-12-20 13:39:58.274,Source[1],,384PP_DMSO2,B1,Destination[1],,384PP_Dest,E4,187.5,187.5,,,34.304,29.181,90.637,Percent,DMSO,
2019-12-20 13:39:58.849,Source[1],,384PP_DMSO2,A2,Destination[1],,384PP_Dest,E4,812.5,812.5,,,39.311,38.498,98.511,Percent,DMSO,
2019-12-20 13:40:00.674,Source[1],,384PP_DMSO2,A2,Destination[1],,384PP_Dest,D4,922.5,922.5,,,39.311,37.576,98.511,Percent,DMSO,
2019-12-20 13:40:02.718,Source[1],,384PP_DMSO2,A2,Destination[1],,384PP_Dest,C4,977.5,977.5,,,39.311,36.598,98.511,Percent,DMSO,
2019-12-20 13:40:04.873,Source[1],,384PP_DMSO2,A2,Destination[1],,384PP_Dest,B4,997.5,997.5,,,39.311,35.601,98.511,Percent,DMSO,
2019-12-20 13:40:07.068,Source[1],,384PP_DMSO2,A2,Destination[1],,384PP_Dest,A4,1000,1000,,,39.311,34.601,98.511,Percent,DMSO,
2019-12-20 13:40:09.268,Source[1],,384PP_DMSO2,A2,Destination[1],,384PP_Dest,A3,1000,1000,,,39.311,33.601,98.511,Percent,DMSO,
2019-12-20 13:40:11.469,Source[1],,384PP_DMSO2,A2,Destination[1],,384PP_Dest,B3,997.5,997.5,,,39.311,32.603,98.511,Percent,DMSO,
2019-12-20 13:40:13.664,Source[1],,384PP_DMSO2,A2,Destination[1],,384PP_Dest,C3,977.5,977.5,,,39.311,31.626,98.511,Percent,DMSO,
2019-12-20 13:40:15.819,Source[1],,384PP_DMSO2,A2,Destination[1],,384PP_Dest,D3,922.5,922.5,,,39.311,30.703,98.511,Percent,DMSO,
2019-12-20 13:40:17.864,Source[1],,384PP_DMSO2,A2,Destination[1],,384PP_Dest,E3,812.5,812.5,,,39.311,29.891,98.511,Percent,DMSO,
2019-12-20 13:40:39.045,Source[1],,384PP_DMSO2,A2,Destination[1],,384PP_Dest,F3,635,635,,,28.929,28.294,98.236,Percent,DMSO,
2019-12-20 13:40:40.541,Source[1],,384PP_DMSO2,A2,Destination[1],,384PP_Dest,G3,370,370,,,28.929,27.924,98.236,Percent,DMSO,
2019-12-20 13:40:41.480,Source[1],,384PP_DMSO2,A2,Destination[1],,384PP_Dest,G4,370,370,,,28.929,27.554,98.236,Percent,DMSO,
2019-12-20 13:40:42.419,Source[1],,384PP_DMSO2,A2,Destination[1],,384PP_Dest,F4,635,635,,,28.929,26.919,98.236,Percent,DMSO,
2019-12-20 13:40:43.889,Source[1],,384PP_DMSO2,A2,Destination[1],,384PP_Dest,I4,1000,1000,,,28.929,25.919,98.236,Percent,DMSO,
2019-12-20 13:40:46.106,Source[1],,384PP_DMSO2,A2,Destination[1],,384PP_Dest,J4,997.5,997.5,,,28.929,24.921,98.236,Percent,DMSO,
2019-12-20 13:40:48.301,Source[1],,384PP_DMSO2,A2,Destination[1],,384PP_Dest,K4,977.5,977.5,,,28.929,23.944,98.236,Percent,DMSO,
2019-12-20 13:40:50.456,Source[1],,384PP_DMSO2,A2,Destination[1],,384PP_Dest,L4,922.5,922.5,,,28.929,23.021,98.236,Percent,DMSO,
2019-12-20 13:40:52.501,Source[1],,384PP_DMSO2,A2,Destination[1],,384PP_Dest,L3,922.5,922.5,,,28.929,22.099,98.236,Percent,DMSO,
2019-12-20 13:40:54.545,Source[1],,384PP_DMSO2,A2,Destination[1],,384PP_Dest,K3,977.5,977.5,,,28.929,21.121,98.236,Percent,DMSO,
2019-12-20 13:40:56.699,Source[1],,384PP_DMSO2,A2,Destination[1],,384PP_Dest,J3,997.5,997.5,,,28.929,20.124,98.236,Percent,DMSO,
2019-12-20 13:40:58.893,Source[1],,384PP_DMSO2,A2,Destination[1],,384PP_Dest,I3,1000,1000,,,28.929,19.124,98.236,Percent,DMSO,
2019-12-20 13:41:01.092,Source[1],,384PP_DMSO2,B1,Destination[1],,384PP_Dest,H3,1000,1000,,,28.821,27.821,91.057,Percent,DMSO,
2019-12-20 13:41:03.292,Source[1],,384PP_DMSO2,B1,Destination[1],,384PP_Dest,G3,630,630,,,28.821,27.191,91.057,Percent,DMSO,
2019-12-20 13:41:04.752,Source[1],,384PP_DMSO2,B1,Destination[1],,384PP_Dest,G4,630,630,,,28.821,26.561,91.057,Percent,DMSO,
2019-12-20 13:41:06.212,Source[1],,384PP_DMSO2,B1,Destination[1],,384PP_Dest,F4,365,365,,,28.821,26.196,91.057,Percent,DMSO,
2019-12-20 13:41:07.141,Source[1],,384PP_DMSO2,B1,Destination[1],,384PP_Dest,H4,1000,1000,,,28.821,25.196,91.057,Percent,DMSO,
2019-12-20 13:41:09.341,Source[1],,384PP_DMSO2,B1,Destination[1],,384PP_Dest,J4,2.5,2.5,,,28.821,25.194,91.057,Percent,DMSO,
2019-12-20 13:41:09.546,Source[1],,384PP_DMSO2,B1,Destination[1],,384PP_Dest,K4,22.5,22.5,,,28.821,25.171,91.057,Percent,DMSO,
2019-12-20 13:41:09.791,Source[1],,384PP_DMSO2,B1,Destination[1],,384PP_Dest,L4,77.5,77.5,,,28.821,25.094,91.057,Percent,DMSO,
2019-12-20 13:41:10.146,Source[1],,384PP_DMSO2,B1,Destination[1],,384PP_Dest,L3,77.5,77.5,,,28.821,25.016,91.057,Percent,DMSO,
2019-12-20 13:41:10.500,Source[1],,384PP_DMSO2,B1,Destination[1],,384PP_Dest,K3,22.5,22.5,,,28.821,24.994,91.057,Percent,DMSO,
2019-12-20 13:41:10.745,Source[1],,384PP_DMSO2,B1,Destination[1],,384PP_Dest,J3,2.5,2.5,,,28.821,24.991,91.057,Percent,DMSO,
2019-12-20 13:41:10.949,Source[1],,384PP_DMSO2,B1,Destination[1],,384PP_Dest,M3,187.5,187.5,,,28.821,24.804,91.057,Percent,DMSO,
2019-12-20 13:41:30.862,Source[1],,384PP_DMSO2,A2,Destination[1],,384PP_Dest,M3,812.5,812.5,,,18.193,17.381,98.773,Percent,DMSO,
2019-12-20 13:41:32.712,Source[1],,384PP_DMSO2,A2,Destination[1],,384PP_Dest,N3,635,635,,,18.193,16.746,98.773,Percent,DMSO,
2019-12-20 13:41:34.182,Source[1],,384PP_DMSO2,A2,Destination[1],,384PP_Dest,O3,370,370,,,18.193,16.376,98.773,Percent,DMSO,
2019-12-20 13:41:35.121,Source[1],,384PP_DMSO2,A2,Destination[1],,384PP_Dest,O4,370,370,,,18.193,16.006,98.773,Percent,DMSO,
2019-12-20 13:41:36.061,Source[1],,384PP_DMSO2,A2,Destination[1],,384PP_Dest,N4,635,635,,,18.193,15.371,98.773,Percent,DMSO,
2019-12-20 13:41:37.531,Source[1],,384PP_DMSO2,A2,Destination[1],,384PP_Dest,M4,812.5,812.5,,,18.193,14.558,98.773,Percent,DMSO,
2019-12-20 13:41:39.356,Source[1],,384PP_DMSO2,B1,Destination[1],,384PP_Dest,M4,187.5,187.5,,,24.616,24.428,91.23,Percent,DMSO,
2019-12-20 13:41:39.931,Source[1],,384PP_DMSO2,B1,Destination[1],,384PP_Dest,N4,365,365,,,24.616,24.063,91.23,Percent,DMSO,
2019-12-20 13:41:40.861,Source[1],,384PP_DMSO2,B1,Destination[1],,384PP_Dest,O4,630,630,,,24.616,23.433,91.23,Percent,DMSO,
2019-12-20 13:41:42.320,Source[1],,384PP_DMSO2,B1,Destination[1],,384PP_Dest,P4,1000,1000,,,24.616,22.433,91.23,Percent,DMSO,
2019-12-20 13:41:44.520,Source[1],,384PP_DMSO2,B1,Destination[1],,384PP_Dest,P3,1000,1000,,,24.616,21.433,91.23,Percent,DMSO,
2019-12-20 13:41:46.719,Source[1],,384PP_DMSO2,B1,Destination[1],,384PP_Dest,O3,630,630,,,24.616,20.803,91.23,Percent,DMSO,
2019-12-20 13:41:48.179,Source[1],,384PP_DMSO2,B1,Destination[1],,384PP_Dest,N3,365,365,,,24.616,20.438,91.23,Percent,DMSO,
2019-12-20 13:41:49.109,Source[1],,384PP_DMSO2,B1,Destination[1],,384PP_Dest,F5,365,365,,,24.616,20.073,91.23,Percent,DMSO,
2019-12-20 13:41:50.280,Source[1],,384PP_DMSO2,B1,Destination[1],,384PP_Dest,E5,187.5,187.5,,,24.616,19.886,91.23,Percent,DMSO,
2019-12-20 13:41:50.855,Source[1],,384PP_DMSO2,B1,Destination[1],,384PP_Dest,D5,77.5,77.5,,,24.616,19.808,91.23,Percent,DMSO,
2019-12-20 13:41:51.210,Source[1],,384PP_DMSO2,B1,Destination[1],,384PP_Dest,C5,22.5,22.5,,,24.616,19.786,91.23,Percent,DMSO,
2019-12-20 13:41:51.454,Source[1],,384PP_DMSO2,B1,Destination[1],,384PP_Dest,B5,2.5,2.5,,,24.616,19.783,91.23,Percent,DMSO,
2019-12-20 13:41:51.658,Source[1],,384PP_DMSO2,B1,Destination[1],,384PP_Dest,B6,2.5,2.5,,,24.616,19.781,91.23,Percent,DMSO,
2019-12-20 13:41:51.863,Source[1],,384PP_DMSO2,B1,Destination[1],,384PP_Dest,C6,22.5,22.5,,,24.616,19.758,91.23,Percent,DMSO,
2019-12-20 13:41:52.108,Source[1],,384PP_DMSO2,B1,Destination[1],,384PP_Dest,D6,77.5,77.5,,,24.616,19.681,91.23,Percent,DMSO,
2019-12-20 13:41:52.463,Source[1],,384PP_DMSO2,B1,Destination[1],,384PP_Dest,E6,187.5,187.5,,,24.616,19.493,91.23,Percent,DMSO,
2019-12-20 13:41:53.037,Source[1],,384PP_DMSO2,A3,Destination[1],,384PP_Dest,E6,812.5,812.5,,,38.975,38.162,98.403,Percent,DMSO,
2019-12-20 13:41:54.899,Source[1],,384PP_DMSO2,A3,Destination[1],,384PP_Dest,D6,922.5,922.5,,,38.975,37.24,98.403,Percent,DMSO,
2019-12-20 13:41:56.943,Source[1],,384PP_DMSO2,A3,Destination[1],,384PP_Dest,C6,977.5,977.5,,,38.975,36.262,98.403,Percent,DMSO,
2019-12-20 13:41:59.097,Source[1],,384PP_DMSO2,A3,Destination[1],,384PP_Dest,B6,997.5,997.5,,,38.975,35.265,98.403,Percent,DMSO,
2019-12-20 13:42:01.292,Source[1],,384PP_DMSO2,A3,Destination[1],,384PP_Dest,A6,1000,1000,,,38.975,34.265,98.403,Percent,DMSO,
2019-12-20 13:42:03.492,Source[1],,384PP_DMSO2,A3,Destination[1],,384PP_Dest,A5,1000,1000,,,38.975,33.265,98.403,Percent,DMSO,
2019-12-20 13:42:05.692,Source[1],,384PP_DMSO2,A3,Destination[1],,384PP_Dest,B5,997.5,997.5,,,38.975,32.267,98.403,Percent,DMSO,
2019-12-20 13:42:07.887,Source[1],,384PP_DMSO2,A3,Destination[1],,384PP_Dest,C5,977.5,977.5,,,38.975,31.29,98.403,Percent,DMSO,
2019-12-20 13:42:10.042,Source[1],,384PP_DMSO2,A3,Destination[1],,384PP_Dest,D5,922.5,922.5,,,38.975,30.367,98.403,Percent,DMSO,
2019-12-20 13:42:12.088,Source[1],,384PP_DMSO2,A3,Destination[1],,384PP_Dest,E5,812.5,812.5,,,38.975,29.555,98.403,Percent,DMSO,
2019-12-20 13:42:33.303,Source[1],,384PP_DMSO2,A3,Destination[1],,384PP_Dest,F5,635,635,,,28.704,28.069,97.886,Percent,DMSO,
2019-12-20 13:42:34.800,Source[1],,384PP_DMSO2,A3,Destination[1],,384PP_Dest,G5,370,370,,,28.704,27.699,97.886,Percent,DMSO,
2019-12-20 13:42:35.739,Source[1],,384PP_DMSO2,A3,Destination[1],,384PP_Dest,G6,370,370,,,28.704,27.329,97.886,Percent,DMSO,
2019-12-20 13:42:36.679,Source[1],,384PP_DMSO2,A3,Destination[1],,384PP_Dest,F6,635,635,,,28.704,26.694,97.886,Percent,DMSO,
2019-12-20 13:42:38.149,Source[1],,384PP_DMSO2,A3,Destination[1],,384PP_Dest,I6,1000,1000,,,28.704,25.694,97.886,Percent,DMSO,
2019-12-20 13:42:40.364,Source[1],,384PP_DMSO2,A3,Destination[1],,384PP_Dest,J6,997.5,997.5,,,28.704,24.696,97.886,Percent,DMSO,
2019-12-20 13:42:42.559,Source[1],,384PP_DMSO2,A3,Destination[1],,384PP_Dest,K6,977.5,977.5,,,28.704,23.719,97.886,Percent,DMSO,
2019-12-20 13:42:44.714,Source[1],,384PP_DMSO2,A3,Destination[1],,384PP_Dest,L6,922.5,922.5,,,28.704,22.796,97.886,Percent,DMSO,
2019-12-20 13:42:46.759,Source[1],,384PP_DMSO2,A3,Destination[1],,384PP_Dest,L5,922.5,922.5,,,28.704,21.874,97.886,Percent,DMSO,
2019-12-20 13:42:48.805,Source[1],,384PP_DMSO2,A3,Destination[1],,384PP_Dest,K5,977.5,977.5,,,28.704,20.896,97.886,Percent,DMSO,
2019-12-20 13:42:50.959,Source[1],,384PP_DMSO2,A3,Destination[1],,384PP_Dest,J5,997.5,997.5,,,28.704,19.899,97.886,Percent,DMSO,
2019-12-20 13:42:53.153,Source[1],,384PP_DMSO2,A3,Destination[1],,384PP_Dest,I5,1000,1000,,,28.704,18.899,97.886,Percent,DMSO,
2019-12-20 13:42:55.352,Source[1],,384PP_DMSO2,B2,Destination[1],,384PP_Dest,J5,2.5,2.5,,,27.513,27.511,91.057,Percent,DMSO,
2019-12-20 13:42:55.557,Source[1],,384PP_DMSO2,B2,Destination[1],,384PP_Dest,K5,22.5,22.5,,,27.513,27.488,91.057,Percent,DMSO,
2019-12-20 13:42:55.801,Source[1],,384PP_DMSO2,B2,Destination[1],,384PP_Dest,L5,77.5,77.5,,,27.513,27.411,91.057,Percent,DMSO,
2019-12-20 13:42:56.155,Source[1],,384PP_DMSO2,B2,Destination[1],,384PP_Dest,M5,187.5,187.5,,,27.513,27.223,91.057,Percent,DMSO,
2019-12-20 13:42:56.730,Source[1],,384PP_DMSO2,B2,Destination[1],,384PP_Dest,L6,77.5,77.5,,,27.513,27.146,91.057,Percent,DMSO,
2019-12-20 13:42:57.085,Source[1],,384PP_DMSO2,B2,Destination[1],,384PP_Dest,K6,22.5,22.5,,,27.513,27.123,91.057,Percent,DMSO,
2019-12-20 13:42:57.329,Source[1],,384PP_DMSO2,B2,Destination[1],,384PP_Dest,J6,2.5,2.5,,,27.513,27.121,91.057,Percent,DMSO,
2019-12-20 13:42:57.533,Source[1],,384PP_DMSO2,B1,Destination[1],,384PP_Dest,H6,1000,1000,,,19.278,18.278,90.665,Percent,DMSO,
2019-12-20 13:42:59.732,Source[1],,384PP_DMSO2,B1,Destination[1],,384PP_Dest,G6,630,630,,,19.278,17.648,90.665,Percent,DMSO,
2019-12-20 13:43:01.191,Source[1],,384PP_DMSO2,B1,Destination[1],,384PP_Dest,F6,365,365,,,19.278,17.283,90.665,Percent,DMSO,
2019-12-20 13:43:02.120,Source[1],,384PP_DMSO2,B1,Destination[1],,384PP_Dest,G5,630,630,,,19.278,16.653,90.665,Percent,DMSO,
2019-12-20 13:43:03.580,Source[1],,384PP_DMSO2,B1,Destination[1],,384PP_Dest,H5,1000,1000,,,19.278,15.653,90.665,Percent,DMSO,
2019-12-20 13:43:25.034,Source[1],,384PP_DMSO2,A3,Destination[1],,384PP_Dest,M5,812.5,812.5,,,18.16,17.347,98.132,Percent,DMSO,
2019-12-20 13:43:27.017,Source[1],,384PP_DMSO2,A3,Destination[1],,384PP_Dest,N5,635,635,,,18.16,16.712,98.132,Percent,DMSO,
2019-12-20 13:43:28.487,Source[1],,384PP_DMSO2,A3,Destination[1],,384PP_Dest,O5,370,370,,,18.16,16.342,98.132,Percent,DMSO,
2019-12-20 13:43:29.426,Source[1],,384PP_DMSO2,A3,Destination[1],,384PP_Dest,O6,370,370,,,18.16,15.972,98.132,Percent,DMSO,
2019-12-20 13:43:30.366,Source[1],,384PP_DMSO2,A3,Destination[1],,384PP_Dest,N6,635,635,,,18.16,15.337,98.132,Percent,DMSO,
2019-12-20 13:43:31.836,Source[1],,384PP_DMSO2,A3,Destination[1],,384PP_Dest,M6,812.5,812.5,,,18.16,14.525,98.132,Percent,DMSO,
2019-12-20 13:43:33.660,Source[1],,384PP_DMSO2,B2,Destination[1],,384PP_Dest,M6,187.5,187.5,,,27.027,26.839,91.086,Percent,DMSO,
2019-12-20 13:43:34.235,Source[1],,384PP_DMSO2,B2,Destination[1],,384PP_Dest,N6,365,365,,,27.027,26.474,91.086,Percent,DMSO,
2019-12-20 13:43:35.165,Source[1],,384PP_DMSO2,B2,Destination[1],,384PP_Dest,O6,630,630,,,27.027,25.844,91.086,Percent,DMSO,
2019-12-20 13:43:36.625,Source[1],,384PP_DMSO2,B2,Destination[1],,384PP_Dest,P6,1000,1000,,,27.027,24.844,91.086,Percent,DMSO,
2019-12-20 13:43:38.825,Source[1],,384PP_DMSO2,B2,Destination[1],,384PP_Dest,P5,1000,1000,,,27.027,23.844,91.086,Percent,DMSO,
2019-12-20 13:43:41.026,Source[1],,384PP_DMSO2,B2,Destination[1],,384PP_Dest,O5,630,630,,,27.027,23.214,91.086,Percent,DMSO,
2019-12-20 13:43:42.486,Source[1],,384PP_DMSO2,B2,Destination[1],,384PP_Dest,N5,365,365,,,27.027,22.849,91.086,Percent,DMSO,
2019-12-20 13:43:43.416,Source[1],,384PP_DMSO2,B2,Destination[1],,384PP_Dest,F7,365,365,,,27.027,22.484,91.086,Percent,DMSO,
2019-12-20 13:43:44.587,Source[1],,384PP_DMSO2,B2,Destination[1],,384PP_Dest,E7,187.5,187.5,,,27.027,22.297,91.086,Percent,DMSO,
2019-12-20 13:43:45.162,Source[1],,384PP_DMSO2,B2,Destination[1],,384PP_Dest,D7,77.5,77.5,,,27.027,22.219,91.086,Percent,DMSO,
2019-12-20 13:43:45.517,Source[1],,384PP_DMSO2,B2,Destination[1],,384PP_Dest,C7,22.5,22.5,,,27.027,22.197,91.086,Percent,DMSO,
2019-12-20 13:43:45.761,Source[1],,384PP_DMSO2,B2,Destination[1],,384PP_Dest,B7,2.5,2.5,,,27.027,22.194,91.086,Percent,DMSO,
2019-12-20 13:43:45.966,Source[1],,384PP_DMSO2,B2,Destination[1],,384PP_Dest,B8,2.5,2.5,,,27.027,22.192,91.086,Percent,DMSO,
2019-12-20 13:43:46.170,Source[1],,384PP_DMSO2,B2,Destination[1],,384PP_Dest,C8,22.5,22.5,,,27.027,22.169,91.086,Percent,DMSO,
2019-12-20 13:43:46.415,Source[1],,384PP_DMSO2,B2,Destination[1],,384PP_Dest,D8,77.5,77.5,,,27.027,22.092,91.086,Percent,DMSO,
2019-12-20 13:43:46.770,Source[1],,384PP_DMSO2,B2,Destination[1],,384PP_Dest,E8,187.5,187.5,,,27.027,21.904,91.086,Percent,DMSO,
2019-12-20 13:43:47.345,Source[1],,384PP_DMSO2,A4,Destination[1],,384PP_Dest,E8,812.5,812.5,,,39.197,38.385,98.037,Percent,DMSO,
2019-12-20 13:43:49.206,Source[1],,384PP_DMSO2,A4,Destination[1],,384PP_Dest,D8,922.5,922.5,,,39.197,37.462,98.037,Percent,DMSO,
2019-12-20 13:43:51.251,Source[1],,384PP_DMSO2,A4,Destination[1],,384PP_Dest,C8,977.5,977.5,,,39.197,36.485,98.037,Percent,DMSO,
2019-12-20 13:43:53.405,Source[1],,384PP_DMSO2,A4,Destination[1],,384PP_Dest,B8,997.5,997.5,,,39.197,35.487,98.037,Percent,DMSO,
2019-12-20 13:43:55.600,Source[1],,384PP_DMSO2,A4,Destination[1],,384PP_Dest,A8,1000,1000,,,39.197,34.487,98.037,Percent,DMSO,
2019-12-20 13:43:57.801,Source[1],,384PP_DMSO2,A4,Destination[1],,384PP_Dest,A7,1000,1000,,,39.197,33.487,98.037,Percent,DMSO,
2019-12-20 13:44:00.001,Source[1],,384PP_DMSO2,A4,Destination[1],,384PP_Dest,B7,997.5,997.5,,,39.197,32.49,98.037,Percent,DMSO,
2019-12-20 13:44:02.196,Source[1],,384PP_DMSO2,A4,Destination[1],,384PP_Dest,C7,977.5,977.5,,,39.197,31.512,98.037,Percent,DMSO,
2019-12-20 13:44:04.351,Source[1],,384PP_DMSO2,A4,Destination[1],,384PP_Dest,D7,922.5,922.5,,,39.197,30.59,98.037,Percent,DMSO,
2019-12-20 13:44:06.396,Source[1],,384PP_DMSO2,A4,Destination[1],,384PP_Dest,E7,812.5,812.5,,,39.197,29.777,98.037,Percent,DMSO,
2019-12-20 13:44:27.549,Source[1],,384PP_DMSO2,A4,Destination[1],,384PP_Dest,F7,635,635,,,28.963,28.328,98.343,Percent,DMSO,
2019-12-20 13:44:29.044,Source[1],,384PP_DMSO2,A4,Destination[1],,384PP_Dest,G7,370,370,,,28.963,27.958,98.343,Percent,DMSO,
2019-12-20 13:44:29.984,Source[1],,384PP_DMSO2,A4,Destination[1],,384PP_Dest,G8,370,370,,,28.963,27.588,98.343,Percent,DMSO,
2019-12-20 13:44:30.924,Source[1],,384PP_DMSO2,A4,Destination[1],,384PP_Dest,F8,635,635,,,28.963,26.953,98.343,Percent,DMSO,
2019-12-20 13:44:32.395,Source[1],,384PP_DMSO2,A4,Destination[1],,384PP_Dest,I8,1000,1000,,,28.963,25.953,98.343,Percent,DMSO,
2019-12-20 13:44:34.610,Source[1],,384PP_DMSO2,A4,Destination[1],,384PP_Dest,J8,997.5,997.5,,,28.963,24.956,98.343,Percent,DMSO,
2019-12-20 13:44:36.804,Source[1],,384PP_DMSO2,A4,Destination[1],,384PP_Dest,K8,977.5,977.5,,,28.963,23.978,98.343,Percent,DMSO,
2019-12-20 13:44:38.958,Source[1],,384PP_DMSO2,A4,Destination[1],,384PP_Dest,L8,922.5,922.5,,,28.963,23.056,98.343,Percent,DMSO,
2019-12-20 13:44:41.003,Source[1],,384PP_DMSO2,A4,Destination[1],,384PP_Dest,L7,922.5,922.5,,,28.963,22.133,98.343,Percent,DMSO,
2019-12-20 13:44:43.047,Source[1],,384PP_DMSO2,A4,Destination[1],,384PP_Dest,K7,977.5,977.5,,,28.963,21.156,98.343,Percent,DMSO,
2019-12-20 13:44:45.202,Source[1],,384PP_DMSO2,A4,Destination[1],,384PP_Dest,J7,997.5,997.5,,,28.963,20.158,98.343,Percent,DMSO,
2019-12-20 13:44:47.397,Source[1],,384PP_DMSO2,A4,Destination[1],,384PP_Dest,I7,1000,1000,,,28.963,19.158,98.343,Percent,DMSO,
2019-12-20 13:44:49.597,Source[1],,384PP_DMSO2,B2,Destination[1],,384PP_Dest,H7,1000,1000,,,21.561,20.561,90.661,Percent,DMSO,
2019-12-20 13:44:51.832,Source[1],,384PP_DMSO2,B2,Destination[1],,384PP_Dest,G7,630,630,,,21.561,19.931,90.661,Percent,DMSO,
2019-12-20 13:44:53.292,Source[1],,384PP_DMSO2,B2,Destination[1],,384PP_Dest,G8,630,630,,,21.561,19.301,90.661,Percent,DMSO,
2019-12-20 13:44:54.751,Source[1],,384PP_DMSO2,B2,Destination[1],,384PP_Dest,F8,365,365,,,21.561,18.936,90.661,Percent,DMSO,
2019-12-20 13:44:55.680,Source[1],,384PP_DMSO2,B2,Destination[1],,384PP_Dest,H8,1000,1000,,,21.561,17.936,90.661,Percent,DMSO,
2019-12-20 13:44:57.880,Source[1],,384PP_DMSO2,B2,Destination[1],,384PP_Dest,J8,2.5,2.5,,,21.561,17.933,90.661,Percent,DMSO,
2019-12-20 13:44:58.085,Source[1],,384PP_DMSO2,B2,Destination[1],,384PP_Dest,K8,22.5,22.5,,,21.561,17.911,90.661,Percent,DMSO,
2019-12-20 13:44:58.330,Source[1],,384PP_DMSO2,B2,Destination[1],,384PP_Dest,L8,77.5,77.5,,,21.561,17.833,90.661,Percent,DMSO,
2019-12-20 13:44:58.685,Source[1],,384PP_DMSO2,B2,Destination[1],,384PP_Dest,L7,77.5,77.5,,,21.561,17.756,90.661,Percent,DMSO,
2019-12-20 13:44:59.039,Source[1],,384PP_DMSO2,B2,Destination[1],,384PP_Dest,K7,22.5,22.5,,,21.561,17.733,90.661,Percent,DMSO,
2019-12-20 13:44:59.284,Source[1],,384PP_DMSO2,B2,Destination[1],,384PP_Dest,J7,2.5,2.5,,,21.561,17.731,90.661,Percent,DMSO,
2019-12-20 13:44:59.488,Source[1],,384PP_DMSO2,B2,Destination[1],,384PP_Dest,M7,187.5,187.5,,,21.561,17.543,90.661,Percent,DMSO,
2019-12-20 13:45:19.316,Source[1],,384PP_DMSO2,A4,Destination[1],,384PP_Dest,M7,812.5,812.5,,,18.304,17.491,98.065,Percent,DMSO,
2019-12-20 13:45:21.167,Source[1],,384PP_DMSO2,A4,Destination[1],,384PP_Dest,N7,635,635,,,18.304,16.856,98.065,Percent,DMSO,
2019-12-20 13:45:22.637,Source[1],,384PP_DMSO2,A4,Destination[1],,384PP_Dest,O7,370,370,,,18.304,16.486,98.065,Percent,DMSO,
2019-12-20 13:45:23.576,Source[1],,384PP_DMSO2,A4,Destination[1],,384PP_Dest,O8,370,370,,,18.304,16.116,98.065,Percent,DMSO,
2019-12-20 13:45:24.516,Source[1],,384PP_DMSO2,A4,Destination[1],,384PP_Dest,N8,635,635,,,18.304,15.481,98.065,Percent,DMSO,
2019-12-20 13:45:25.986,Source[1],,384PP_DMSO2,A4,Destination[1],,384PP_Dest,M8,812.5,812.5,,,18.304,14.669,98.065,Percent,DMSO,
2019-12-20 13:45:27.810,Source[1],,384PP_DMSO2,A5,Destination[1],,384PP_Dest,C9,1465,1465,,,26.738,25.273,98.238,Percent,DMSO,
2019-12-20 13:45:31.313,Source[1],,384PP_DMSO2,A5,Destination[1],,384PP_Dest,B9,1495,1495,,,26.738,23.778,98.238,Percent,DMSO,
2019-12-20 13:45:34.507,Source[1],,384PP_DMSO2,A5,Destination[1],,384PP_Dest,A9,1500,1500,,,26.738,22.278,98.238,Percent,DMSO,
2019-12-20 13:45:37.712,Source[1],,384PP_DMSO2,A5,Destination[1],,384PP_Dest,A10,1500,1500,,,26.738,20.778,98.238,Percent,DMSO,
2019-12-20 13:45:40.916,Source[1],,384PP_DMSO2,A5,Destination[1],,384PP_Dest,B10,1495,1495,,,26.738,19.283,98.238,Percent,DMSO,
2019-12-20 13:45:44.111,Source[1],,384PP_DMSO2,A5,Destination[1],,384PP_Dest,C10,1465,1465,,,26.738,17.818,98.238,Percent,DMSO,
2019-12-20 13:45:47.245,Source[1],,384PP_DMSO2,B2,Destination[1],,384PP_Dest,C10,35,35,,,17.195,17.16,90.076,Percent,DMSO,
2019-12-20 13:45:47.639,Source[1],,384PP_DMSO2,B2,Destination[1],,384PP_Dest,B10,5,5,,,17.195,17.155,90.076,Percent,DMSO,
2019-12-20 13:45:47.849,Source[1],,384PP_DMSO2,B2,Destination[1],,384PP_Dest,B9,5,5,,,17.195,17.15,90.076,Percent,DMSO,
2019-12-20 13:45:48.059,Source[1],,384PP_DMSO2,B2,Destination[1],,384PP_Dest,C9,35,35,,,17.195,17.115,90.076,Percent,DMSO,
2019-12-20 13:45:48.328,Source[1],,384PP_DMSO2,B2,Destination[1],,384PP_Dest,D9,117.5,117.5,,,17.195,16.997,90.076,Percent,DMSO,
2019-12-20 13:45:48.763,Source[1],,384PP_DMSO2,B2,Destination[1],,384PP_Dest,M8,187.5,187.5,,,17.195,16.81,90.076,Percent,DMSO,
2019-12-20 13:45:49.623,Source[1],,384PP_DMSO2,B2,Destination[1],,384PP_Dest,N8,365,365,,,17.195,16.445,90.076,Percent,DMSO,
2019-12-20 13:45:50.552,Source[1],,384PP_DMSO2,B2,Destination[1],,384PP_Dest,O8,630,630,,,17.195,15.815,90.076,Percent,DMSO,
2019-12-20 13:45:52.011,Source[1],,384PP_DMSO2,B2,Destination[1],,384PP_Dest,P8,1000,1000,,,17.195,14.815,90.076,Percent,DMSO,
2019-12-20 13:45:54.211,Source[1],,384PP_DMSO2,B2,Destination[1],,384PP_Dest,P7,1000,1000,,,17.195,13.815,90.076,Percent,DMSO,
2019-12-20 13:45:56.411,Source[1],,384PP_DMSO2,B2,Destination[1],,384PP_Dest,O7,630,630,,,17.195,13.185,90.076,Percent,DMSO,
2019-12-20 13:45:57.870,Source[1],,384PP_DMSO2,B2,Destination[1],,384PP_Dest,N7,365,365,,,17.195,12.82,90.076,Percent,DMSO,
2019-12-20 13:46:18.026,Source[1],,384PP_DMSO2,A5,Destination[1],,384PP_Dest,D9,1382.5,1382.5,,,17.095,15.713,98.187,Percent,DMSO,
2019-12-20 13:46:21.324,Source[1],,384PP_DMSO2,A5,Destination[1],,384PP_Dest,E9,1220,1220,,,17.095,14.493,98.187,Percent,DMSO,
2019-12-20 13:46:23.968,Source[1],,384PP_DMSO2,A5,Destination[1],,384PP_Dest,F9,952.5,952.5,,,17.095,13.54,98.187,Percent,DMSO,
2019-12-20 13:46:25.998,Source[1],,384PP_DMSO2,A5,Destination[1],,384PP_Dest,G9,555,555,,,17.095,12.985,98.187,Percent,DMSO,
2019-12-20 13:46:27.308,Source[1],,384PP_DMSO2,A5,Destination[1],,384PP_Dest,G10,555,555,,,17.095,12.43,98.187,Percent,DMSO,
2019-12-20 13:46:28.618,Source[1],,384PP_DMSO2,A5,Destination[1],,384PP_Dest,F10,952.5,952.5,,,17.095,11.478,98.187,Percent,DMSO,
2019-12-20 13:46:30.723,Source[1],,384PP_DMSO2,A5,Destination[1],,384PP_Dest,E10,1220,1220,,,17.095,10.258,98.187,Percent,DMSO,
2019-12-20 13:46:35.875,Source[1],,384PP_DMSO2,B2,Destination[1],,384PP_Dest,H9,1500,1500,,,11.359,9.859,90.383,Percent,DMSO,
2019-12-20 13:46:39.241,Source[1],,384PP_DMSO2,B2,Destination[1],,384PP_Dest,G9,945,945,,,11.359,8.914,90.383,Percent,DMSO,
2019-12-20 13:47:01.489,Source[1],,384PP_DMSO2,A6,Destination[1],,384PP_Dest,J10,1495,1495,,,45.705,44.21,98.763,Percent,DMSO,
2019-12-20 13:47:04.852,Source[1],,384PP_DMSO2,A6,Destination[1],,384PP_Dest,K10,1465,1465,,,45.705,42.745,98.763,Percent,DMSO,
2019-12-20 13:47:07.986,Source[1],,384PP_DMSO2,A6,Destination[1],,384PP_Dest,L10,1382.5,1382.5,,,45.705,41.363,98.763,Percent,DMSO,
2019-12-20 13:47:10.956,Source[1],,384PP_DMSO2,A6,Destination[1],,384PP_Dest,L9,1382.5,1382.5,,,45.705,39.98,98.763,Percent,DMSO,
2019-12-20 13:47:13.925,Source[1],,384PP_DMSO2,A6,Destination[1],,384PP_Dest,K9,1465,1465,,,45.705,38.515,98.763,Percent,DMSO,
2019-12-20 13:47:17.059,Source[1],,384PP_DMSO2,A6,Destination[1],,384PP_Dest,J9,1495,1495,,,45.705,37.02,98.763,Percent,DMSO,
2019-12-20 13:47:20.253,Source[1],,384PP_DMSO2,A6,Destination[1],,384PP_Dest,M9,1220,1220,,,45.705,35.8,98.763,Percent,DMSO,
2019-12-20 13:47:42.886,Source[1],,384PP_DMSO2,A6,Destination[1],,384PP_Dest,M10,1220,1220,,,34.776,33.556,98.752,Percent,DMSO,
2019-12-20 13:47:45.701,Source[1],,384PP_DMSO2,A6,Destination[1],,384PP_Dest,N10,952.5,952.5,,,34.776,32.603,98.752,Percent,DMSO,
2019-12-20 13:47:47.732,Source[1],,384PP_DMSO2,A6,Destination[1],,384PP_Dest,O10,555,555,,,34.776,32.048,98.752,Percent,DMSO,
2019-12-20 13:47:49.042,Source[1],,384PP_DMSO2,A6,Destination[1],,384PP_Dest,O9,555,555,,,34.776,31.493,98.752,Percent,DMSO,
2019-12-20 13:47:50.351,Source[1],,384PP_DMSO2,A6,Destination[1],,384PP_Dest,N9,952.5,952.5,,,34.776,30.541,98.752,Percent,DMSO,
2019-12-20 13:47:52.456,Source[1],,384PP_DMSO2,A6,Destination[1],,384PP_Dest,B11,1495,1495,,,34.776,29.046,98.752,Percent,DMSO,
2019-12-20 13:47:56.107,Source[1],,384PP_DMSO2,A6,Destination[1],,384PP_Dest,A11,1500,1500,,,34.776,27.546,98.752,Percent,DMSO,
2019-12-20 13:47:59.311,Source[1],,384PP_DMSO2,A6,Destination[1],,384PP_Dest,A12,1500,1500,,,34.776,26.046,98.752,Percent,DMSO,
2019-12-20 13:48:02.515,Source[1],,384PP_DMSO2,B3,Destination[1],,384PP_Dest,B12,5,5,,,42.446,42.441,90.957,Percent,DMSO,
2019-12-20 13:48:02.850,Source[1],,384PP_DMSO2,B3,Destination[1],,384PP_Dest,B11,5,5,,,42.446,42.436,90.957,Percent,DMSO,
2019-12-20 13:48:03.060,Source[1],,384PP_DMSO2,B3,Destination[1],,384PP_Dest,N10,547.5,547.5,,,42.446,41.889,90.957,Percent,DMSO,
2019-12-20 13:48:04.776,Source[1],,384PP_DMSO2,B3,Destination[1],,384PP_Dest,O10,945,945,,,42.446,40.944,90.957,Percent,DMSO,
2019-12-20 13:48:06.866,Source[1],,384PP_DMSO2,B3,Destination[1],,384PP_Dest,P10,1500,1500,,,42.446,39.444,90.957,Percent,DMSO,
2019-12-20 13:48:10.143,Source[1],,384PP_DMSO2,B3,Destination[1],,384PP_Dest,P9,1500,1500,,,42.446,37.944,90.957,Percent,DMSO,
2019-12-20 13:48:13.347,Source[1],,384PP_DMSO2,B3,Destination[1],,384PP_Dest,O9,945,945,,,42.446,36.999,90.957,Percent,DMSO,
2019-12-20 13:48:15.363,Source[1],,384PP_DMSO2,B3,Destination[1],,384PP_Dest,N9,547.5,547.5,,,42.446,36.451,90.957,Percent,DMSO,
2019-12-20 13:48:35.229,Source[1],,384PP_DMSO2,A6,Destination[1],,384PP_Dest,B12,1495,1495,,,25.185,23.69,98.164,Percent,DMSO,
2019-12-20 13:48:38.844,Source[1],,384PP_DMSO2,A6,Destination[1],,384PP_Dest,C12,1465,1465,,,25.185,22.225,98.164,Percent,DMSO,
2019-12-20 13:48:41.977,Source[1],,384PP_DMSO2,A6,Destination[1],,384PP_Dest,D12,1382.5,1382.5,,,25.185,20.843,98.164,Percent,DMSO,
2019-12-20 13:48:44.946,Source[1],,384PP_DMSO2,A6,Destination[1],,384PP_Dest,E12,1220,1220,,,25.185,19.623,98.164,Percent,DMSO,
2019-12-20 13:48:47.590,Source[1],,384PP_DMSO2,A6,Destination[1],,384PP_Dest,E11,1220,1220,,,25.185,18.403,98.164,Percent,DMSO,
2019-12-20 13:48:50.234,Source[1],,384PP_DMSO2,A6,Destination[1],,384PP_Dest,D11,1382.5,1382.5,,,25.185,17.02,98.164,Percent,DMSO,
2019-12-20 13:48:53.203,Source[1],,384PP_DMSO2,A6,Destination[1],,384PP_Dest,C11,1465,1465,,,25.185,15.555,98.164,Percent,DMSO,
2019-12-20 13:48:56.338,Source[1],,384PP_DMSO2,B3,Destination[1],,384PP_Dest,C11,35,35,,,36.049,36.014,90.957,Percent,DMSO,
2019-12-20 13:48:56.734,Source[1],,384PP_DMSO2,B3,Destination[1],,384PP_Dest,D11,117.5,117.5,,,36.049,35.897,90.957,Percent,DMSO,
2019-12-20 13:48:57.168,Source[1],,384PP_DMSO2,B3,Destination[1],,384PP_Dest,E11,280,280,,,36.049,35.617,90.957,Percent,DMSO,
2019-12-20 13:48:57.928,Source[1],,384PP_DMSO2,B3,Destination[1],,384PP_Dest,F11,547.5,547.5,,,36.049,35.069,90.957,Percent,DMSO,
2019-12-20 13:48:59.223,Source[1],,384PP_DMSO2,B3,Destination[1],,384PP_Dest,E12,280,280,,,36.049,34.789,90.957,Percent,DMSO,
2019-12-20 13:48:59.982,Source[1],,384PP_DMSO2,B3,Destination[1],,384PP_Dest,D12,117.5,117.5,,,36.049,34.672,90.957,Percent,DMSO,
2019-12-20 13:49:00.416,Source[1],,384PP_DMSO2,B3,Destination[1],,384PP_Dest,C12,35,35,,,36.049,34.637,90.957,Percent,DMSO,
2019-12-20 13:49:19.239,Source[1],,384PP_DMSO2,A6,Destination[1],,384PP_Dest,F11,952.5,952.5,,,14.078,13.125,98.482,Percent,DMSO,
2019-12-20 13:49:21.479,Source[1],,384PP_DMSO2,A6,Destination[1],,384PP_Dest,G11,555,555,,,14.078,12.57,98.482,Percent,DMSO,
2019-12-20 13:49:22.789,Source[1],,384PP_DMSO2,A6,Destination[1],,384PP_Dest,G12,555,555,,,14.078,12.015,98.482,Percent,DMSO,
2019-12-20 13:49:24.098,Source[1],,384PP_DMSO2,A6,Destination[1],,384PP_Dest,F12,952.5,952.5,,,14.078,11.063,98.482,Percent,DMSO,
2019-12-20 13:49:26.202,Source[1],,384PP_DMSO2,A7,Destination[1],,384PP_Dest,I12,1500,1500,,,45.986,44.486,98.646,Percent,DMSO,
2019-12-20 13:49:29.528,Source[1],,384PP_DMSO2,A7,Destination[1],,384PP_Dest,J12,1495,1495,,,45.986,42.991,98.646,Percent,DMSO,
2019-12-20 13:49:32.722,Source[1],,384PP_DMSO2,A7,Destination[1],,384PP_Dest,K12,1465,1465,,,45.986,41.526,98.646,Percent,DMSO,
2019-12-20 13:49:35.856,Source[1],,384PP_DMSO2,A7,Destination[1],,384PP_Dest,K11,1465,1465,,,45.986,40.061,98.646,Percent,DMSO,
2019-12-20 13:49:38.989,Source[1],,384PP_DMSO2,A7,Destination[1],,384PP_Dest,J11,1495,1495,,,45.986,38.566,98.646,Percent,DMSO,
2019-12-20 13:49:42.183,Source[1],,384PP_DMSO2,A7,Destination[1],,384PP_Dest,I11,1500,1500,,,45.986,37.066,98.646,Percent,DMSO,
2019-12-20 13:49:45.386,Source[1],,384PP_DMSO2,B3,Destination[1],,384PP_Dest,H11,1500,1500,,,34.536,33.036,91.58,Percent,DMSO,
2019-12-20 13:49:48.840,Source[1],,384PP_DMSO2,B3,Destination[1],,384PP_Dest,G11,945,945,,,34.536,32.091,91.58,Percent,DMSO,
2019-12-20 13:49:50.856,Source[1],,384PP_DMSO2,B3,Destination[1],,384PP_Dest,G12,945,945,,,34.536,31.146,91.58,Percent,DMSO,
2019-12-20 13:49:52.945,Source[1],,384PP_DMSO2,B3,Destination[1],,384PP_Dest,F12,547.5,547.5,,,34.536,30.598,91.58,Percent,DMSO,
2019-12-20 13:49:54.240,Source[1],,384PP_DMSO2,B3,Destination[1],,384PP_Dest,H12,1500,1500,,,34.536,29.098,91.58,Percent,DMSO,
2019-12-20 13:49:57.477,Source[1],,384PP_DMSO2,B3,Destination[1],,384PP_Dest,J12,5,5,,,34.536,29.093,91.58,Percent,DMSO,
2019-12-20 13:49:57.656,Source[1],,384PP_DMSO2,B3,Destination[1],,384PP_Dest,K12,35,35,,,34.536,29.058,91.58,Percent,DMSO,
2019-12-20 13:49:57.926,Source[1],,384PP_DMSO2,B3,Destination[1],,384PP_Dest,K11,35,35,,,34.536,29.023,91.58,Percent,DMSO,
2019-12-20 13:49:58.195,Source[1],,384PP_DMSO2,B3,Destination[1],,384PP_Dest,J11,5,5,,,34.536,29.018,91.58,Percent,DMSO,
2019-12-20 13:49:58.405,Source[1],,384PP_DMSO2,B3,Destination[1],,384PP_Dest,L11,117.5,117.5,,,34.536,28.901,91.58,Percent,DMSO,
2019-12-20 13:50:17.361,Source[1],,384PP_DMSO2,A7,Destination[1],,384PP_Dest,L11,1382.5,1382.5,,,36.079,34.696,98.34,Percent,DMSO,
2019-12-20 13:50:20.591,Source[1],,384PP_DMSO2,A7,Destination[1],,384PP_Dest,M11,1220,1220,,,36.079,33.476,98.34,Percent,DMSO,
2019-12-20 13:50:23.235,Source[1],,384PP_DMSO2,A7,Destination[1],,384PP_Dest,N11,952.5,952.5,,,36.079,32.524,98.34,Percent,DMSO,
2019-12-20 13:50:25.267,Source[1],,384PP_DMSO2,A7,Destination[1],,384PP_Dest,O11,555,555,,,36.079,31.969,98.34,Percent,DMSO,
2019-12-20 13:50:26.576,Source[1],,384PP_DMSO2,A7,Destination[1],,384PP_Dest,O12,555,555,,,36.079,31.414,98.34,Percent,DMSO,
2019-12-20 13:50:27.886,Source[1],,384PP_DMSO2,A7,Destination[1],,384PP_Dest,N12,952.5,952.5,,,36.079,30.461,98.34,Percent,DMSO,
2019-12-20 13:50:29.990,Source[1],,384PP_DMSO2,A7,Destination[1],,384PP_Dest,M12,1220,1220,,,36.079,29.241,98.34,Percent,DMSO,
2019-12-20 13:50:32.708,Source[1],,384PP_DMSO2,A7,Destination[1],,384PP_Dest,L12,1382.5,1382.5,,,36.079,27.859,98.34,Percent,DMSO,
2019-12-20 13:50:35.677,Source[1],,384PP_DMSO2,A8,Destination[1],,384PP_Dest,C13,1465,1465,,,26.885,25.42,99.008,Percent,DMSO,
2019-12-20 13:50:39.136,Source[1],,384PP_DMSO2,A8,Destination[1],,384PP_Dest,B13,1495,1495,,,26.885,23.925,99.008,Percent,DMSO,
2019-12-20 13:50:42.330,Source[1],,384PP_DMSO2,A8,Destination[1],,384PP_Dest,A13,1500,1500,,,26.885,22.425,99.008,Percent,DMSO,
2019-12-20 13:50:45.534,Source[1],,384PP_DMSO2,A8,Destination[1],,384PP_Dest,A14,1500,1500,,,26.885,20.925,99.008,Percent,DMSO,
2019-12-20 13:50:48.738,Source[1],,384PP_DMSO2,A8,Destination[1],,384PP_Dest,B14,1495,1495,,,26.885,19.43,99.008,Percent,DMSO,
2019-12-20 13:50:51.932,Source[1],,384PP_DMSO2,A8,Destination[1],,384PP_Dest,C14,1465,1465,,,26.885,17.965,99.008,Percent,DMSO,
2019-12-20 13:50:55.066,Source[1],,384PP_DMSO2,B3,Destination[1],,384PP_Dest,C14,35,35,,,28.49,28.455,91.61,Percent,DMSO,
2019-12-20 13:50:55.640,Source[1],,384PP_DMSO2,B3,Destination[1],,384PP_Dest,B14,5,5,,,28.49,28.45,91.61,Percent,DMSO,
2019-12-20 13:50:55.849,Source[1],,384PP_DMSO2,B3,Destination[1],,384PP_Dest,B13,5,5,,,28.49,28.445,91.61,Percent,DMSO,
2019-12-20 13:50:56.058,Source[1],,384PP_DMSO2,B3,Destination[1],,384PP_Dest,C13,35,35,,,28.49,28.41,91.61,Percent,DMSO,
2019-12-20 13:50:56.328,Source[1],,384PP_DMSO2,B3,Destination[1],,384PP_Dest,D13,117.5,117.5,,,28.49,28.293,91.61,Percent,DMSO,
2019-12-20 13:50:56.763,Source[1],,384PP_DMSO2,B3,Destination[1],,384PP_Dest,L12,117.5,117.5,,,28.49,28.175,91.61,Percent,DMSO,
2019-12-20 13:50:57.440,Source[1],,384PP_DMSO2,B3,Destination[1],,384PP_Dest,M12,280,280,,,28.49,27.895,91.61,Percent,DMSO,
2019-12-20 13:50:58.200,Source[1],,384PP_DMSO2,B3,Destination[1],,384PP_Dest,N12,547.5,547.5,,,28.49,27.348,91.61,Percent,DMSO,
2019-12-20 13:50:59.494,Source[1],,384PP_DMSO2,B3,Destination[1],,384PP_Dest,O12,945,945,,,28.49,26.403,91.61,Percent,DMSO,
2019-12-20 13:51:01.583,Source[1],,384PP_DMSO2,B3,Destination[1],,384PP_Dest,P12,1500,1500,,,28.49,24.903,91.61,Percent,DMSO,
2019-12-20 13:51:04.860,Source[1],,384PP_DMSO2,B3,Destination[1],,384PP_Dest,P11,1500,1500,,,28.49,23.403,91.61,Percent,DMSO,
2019-12-20 13:51:08.064,Source[1],,384PP_DMSO2,B3,Destination[1],,384PP_Dest,O11,945,945,,,28.49,22.458,91.61,Percent,DMSO,
2019-12-20 13:51:10.079,Source[1],,384PP_DMSO2,B3,Destination[1],,384PP_Dest,N11,547.5,547.5,,,28.49,21.91,91.61,Percent,DMSO,
2019-12-20 13:51:11.374,Source[1],,384PP_DMSO2,B3,Destination[1],,384PP_Dest,M11,280,280,,,28.49,21.63,91.61,Percent,DMSO,
2019-12-20 13:51:30.520,Source[1],,384PP_DMSO2,A8,Destination[1],,384PP_Dest,D13,1382.5,1382.5,,,17.178,15.795,98.119,Percent,DMSO,
2019-12-20 13:51:33.839,Source[1],,384PP_DMSO2,A8,Destination[1],,384PP_Dest,E13,1220,1220,,,17.178,14.575,98.119,Percent,DMSO,
2019-12-20 13:51:36.483,Source[1],,384PP_DMSO2,A8,Destination[1],,384PP_Dest,F13,952.5,952.5,,,17.178,13.623,98.119,Percent,DMSO,
2019-12-20 13:51:38.514,Source[1],,384PP_DMSO2,A8,Destination[1],,384PP_Dest,G13,555,555,,,17.178,13.068,98.119,Percent,DMSO,
2019-12-20 13:51:39.824,Source[1],,384PP_DMSO2,A8,Destination[1],,384PP_Dest,G14,555,555,,,17.178,12.513,98.119,Percent,DMSO,
2019-12-20 13:51:41.134,Source[1],,384PP_DMSO2,A8,Destination[1],,384PP_Dest,F14,952.5,952.5,,,17.178,11.56,98.119,Percent,DMSO,
2019-12-20 13:51:43.239,Source[1],,384PP_DMSO2,A8,Destination[1],,384PP_Dest,E14,1220,1220,,,17.178,10.34,98.119,Percent,DMSO,
2019-12-20 13:51:48.373,Source[1],,384PP_DMSO2,B3,Destination[1],,384PP_Dest,H13,1500,1500,,,21.124,19.624,90.48,Percent,DMSO,
2019-12-20 13:51:51.919,Source[1],,384PP_DMSO2,B3,Destination[1],,384PP_Dest,G13,945,945,,,21.124,18.679,90.48,Percent,DMSO,
2019-12-20 13:51:53.934,Source[1],,384PP_DMSO2,B3,Destination[1],,384PP_Dest,F13,547.5,547.5,,,21.124,18.131,90.48,Percent,DMSO,
2019-12-20 13:51:55.228,Source[1],,384PP_DMSO2,B3,Destination[1],,384PP_Dest,E13,280,280,,,21.124,17.851,90.48,Percent,DMSO,
2019-12-20 13:51:55.987,Source[1],,384PP_DMSO2,B3,Destination[1],,384PP_Dest,E14,280,280,,,21.124,17.571,90.48,Percent,DMSO,
2019-12-20 13:51:56.747,Source[1],,384PP_DMSO2,B3,Destination[1],,384PP_Dest,D14,117.5,117.5,,,21.124,17.454,90.48,Percent,DMSO,
2019-12-20 13:51:57.181,Source[1],,384PP_DMSO2,B3,Destination[1],,384PP_Dest,F14,547.5,547.5,,,21.124,16.906,90.48,Percent,DMSO,
2019-12-20 13:51:58.476,Source[1],,384PP_DMSO2,B3,Destination[1],,384PP_Dest,G14,945,945,,,21.124,15.961,90.48,Percent,DMSO,
2019-12-20 13:52:00.566,Source[1],,384PP_DMSO2,B3,Destination[1],,384PP_Dest,H14,1500,1500,,,21.124,14.461,90.48,Percent,DMSO,
2019-12-20 13:52:21.509,Source[1],,384PP_DMSO2,A9,Destination[1],,384PP_Dest,J14,1495,1495,,,45.715,44.22,98.686,Percent,DMSO,
2019-12-20 13:52:25.134,Source[1],,384PP_DMSO2,A9,Destination[1],,384PP_Dest,K14,1465,1465,,,45.715,42.755,98.686,Percent,DMSO,
2019-12-20 13:52:28.268,Source[1],,384PP_DMSO2,A9,Destination[1],,384PP_Dest,L14,1382.5,1382.5,,,45.715,41.373,98.686,Percent,DMSO,
2019-12-20 13:52:31.237,Source[1],,384PP_DMSO2,A9,Destination[1],,384PP_Dest,L13,1382.5,1382.5,,,45.715,39.99,98.686,Percent,DMSO,
2019-12-20 13:52:34.206,Source[1],,384PP_DMSO2,A9,Destination[1],,384PP_Dest,K13,1465,1465,,,45.715,38.525,98.686,Percent,DMSO,
2019-12-20 13:52:37.339,Source[1],,384PP_DMSO2,A9,Destination[1],,384PP_Dest,J13,1495,1495,,,45.715,37.03,98.686,Percent,DMSO,
2019-12-20 13:52:40.533,Source[1],,384PP_DMSO2,A9,Destination[1],,384PP_Dest,M13,1220,1220,,,45.715,35.81,98.686,Percent,DMSO,
2019-12-20 13:52:43.230,Source[1],,384PP_DMSO2,B4,Destination[1],,384PP_Dest,M13,280,280,,,42.114,41.834,91.95,Percent,DMSO,
2019-12-20 13:52:44.294,Source[1],,384PP_DMSO2,B4,Destination[1],,384PP_Dest,L13,117.5,117.5,,,42.114,41.717,91.95,Percent,DMSO,
2019-12-20 13:52:44.729,Source[1],,384PP_DMSO2,B4,Destination[1],,384PP_Dest,K13,35,35,,,42.114,41.682,91.95,Percent,DMSO,
2019-12-20 13:52:44.998,Source[1],,384PP_DMSO2,B4,Destination[1],,384PP_Dest,J13,5,5,,,42.114,41.677,91.95,Percent,DMSO,
2019-12-20 13:52:45.208,Source[1],,384PP_DMSO2,B4,Destination[1],,384PP_Dest,J14,5,5,,,42.114,41.672,91.95,Percent,DMSO,
2019-12-20 13:52:45.418,Source[1],,384PP_DMSO2,B4,Destination[1],,384PP_Dest,K14,35,35,,,42.114,41.637,91.95,Percent,DMSO,
2019-12-20 13:52:45.688,Source[1],,384PP_DMSO2,B4,Destination[1],,384PP_Dest,L14,117.5,117.5,,,42.114,41.519,91.95,Percent,DMSO,
2019-12-20 13:52:46.123,Source[1],,384PP_DMSO2,B4,Destination[1],,384PP_Dest,M14,280,280,,,42.114,41.239,91.95,Percent,DMSO,
2019-12-20 13:53:04.790,Source[1],,384PP_DMSO2,A9,Destination[1],,384PP_Dest,M14,1220,1220,,,34.654,33.434,98.991,Percent,DMSO,
2019-12-20 13:53:07.864,Source[1],,384PP_DMSO2,A9,Destination[1],,384PP_Dest,N14,952.5,952.5,,,34.654,32.481,98.991,Percent,DMSO,
2019-12-20 13:53:09.894,Source[1],,384PP_DMSO2,A9,Destination[1],,384PP_Dest,O14,555,555,,,34.654,31.926,98.991,Percent,DMSO,
2019-12-20 13:53:11.204,Source[1],,384PP_DMSO2,A9,Destination[1],,384PP_Dest,O13,555,555,,,34.654,31.371,98.991,Percent,DMSO,
2019-12-20 13:53:12.513,Source[1],,384PP_DMSO2,A9,Destination[1],,384PP_Dest,N13,952.5,952.5,,,34.654,30.419,98.991,Percent,DMSO,
2019-12-20 13:53:14.618,Source[1],,384PP_DMSO2,A9,Destination[1],,384PP_Dest,B15,1495,1495,,,34.654,28.924,98.991,Percent,DMSO,
2019-12-20 13:53:18.270,Source[1],,384PP_DMSO2,A9,Destination[1],,384PP_Dest,A15,1500,1500,,,34.654,27.424,98.991,Percent,DMSO,
2019-12-20 13:53:21.474,Source[1],,384PP_DMSO2,A9,Destination[1],,384PP_Dest,A16,1500,1500,,,34.654,25.924,98.991,Percent,DMSO,
2019-12-20 13:53:24.678,Source[1],,384PP_DMSO2,B4,Destination[1],,384PP_Dest,B16,5,5,,,41.013,41.008,92.199,Percent,DMSO,
2019-12-20 13:53:25.192,Source[1],,384PP_DMSO2,B4,Destination[1],,384PP_Dest,B15,5,5,,,41.013,41.003,92.199,Percent,DMSO,
2019-12-20 13:53:25.402,Source[1],,384PP_DMSO2,B4,Destination[1],,384PP_Dest,N14,547.5,547.5,,,41.013,40.455,92.199,Percent,DMSO,
2019-12-20 13:53:27.118,Source[1],,384PP_DMSO2,B4,Destination[1],,384PP_Dest,O14,945,945,,,41.013,39.51,92.199,Percent,DMSO,
2019-12-20 13:53:29.208,Source[1],,384PP_DMSO2,B4,Destination[1],,384PP_Dest,P14,1500,1500,,,41.013,38.01,92.199,Percent,DMSO,
2019-12-20 13:53:32.485,Source[1],,384PP_DMSO2,B4,Destination[1],,384PP_Dest,P13,1500,1500,,,41.013,36.51,92.199,Percent,DMSO,
2019-12-20 13:53:35.690,Source[1],,384PP_DMSO2,B4,Destination[1],,384PP_Dest,O13,945,945,,,41.013,35.565,92.199,Percent,DMSO,
2019-12-20 13:53:37.706,Source[1],,384PP_DMSO2,B4,Destination[1],,384PP_Dest,N13,547.5,547.5,,,41.013,35.018,92.199,Percent,DMSO,
2019-12-20 13:53:56.953,Source[1],,384PP_DMSO2,A9,Destination[1],,384PP_Dest,B16,1495,1495,,,25.153,23.658,98.969,Percent,DMSO,
2019-12-20 13:54:00.579,Source[1],,384PP_DMSO2,A9,Destination[1],,384PP_Dest,C16,1465,1465,,,25.153,22.193,98.969,Percent,DMSO,
2019-12-20 13:54:03.713,Source[1],,384PP_DMSO2,A9,Destination[1],,384PP_Dest,D16,1382.5,1382.5,,,25.153,20.81,98.969,Percent,DMSO,
2019-12-20 13:54:06.682,Source[1],,384PP_DMSO2,A9,Destination[1],,384PP_Dest,E16,1220,1220,,,25.153,19.59,98.969,Percent,DMSO,
2019-12-20 13:54:09.326,Source[1],,384PP_DMSO2,A9,Destination[1],,384PP_Dest,E15,1220,1220,,,25.153,18.37,98.969,Percent,DMSO,
2019-12-20 13:54:11.970,Source[1],,384PP_DMSO2,A9,Destination[1],,384PP_Dest,D15,1382.5,1382.5,,,25.153,16.988,98.969,Percent,DMSO,
2019-12-20 13:54:14.938,Source[1],,384PP_DMSO2,A9,Destination[1],,384PP_Dest,C15,1465,1465,,,25.153,15.523,98.969,Percent,DMSO,
2019-12-20 13:54:18.072,Source[1],,384PP_DMSO2,B4,Destination[1],,384PP_Dest,C15,35,35,,,34.63,34.595,91.473,Percent,DMSO,
2019-12-20 13:54:18.646,Source[1],,384PP_DMSO2,B4,Destination[1],,384PP_Dest,D15,117.5,117.5,,,34.63,34.477,91.473,Percent,DMSO,
2019-12-20 13:54:19.080,Source[1],,384PP_DMSO2,B4,Destination[1],,384PP_Dest,E15,280,280,,,34.63,34.197,91.473,Percent,DMSO,
2019-12-20 13:54:19.840,Source[1],,384PP_DMSO2,B4,Destination[1],,384PP_Dest,F15,547.5,547.5,,,34.63,33.65,91.473,Percent,DMSO,
2019-12-20 13:54:21.135,Source[1],,384PP_DMSO2,B4,Destination[1],,384PP_Dest,E16,280,280,,,34.63,33.37,91.473,Percent,DMSO,
2019-12-20 13:54:21.894,Source[1],,384PP_DMSO2,B4,Destination[1],,384PP_Dest,D16,117.5,117.5,,,34.63,33.252,91.473,Percent,DMSO,
2019-12-20 13:54:22.329,Source[1],,384PP_DMSO2,B4,Destination[1],,384PP_Dest,C16,35,35,,,34.63,33.217,91.473,Percent,DMSO,
2019-12-20 13:54:40.504,Source[1],,384PP_DMSO2,A9,Destination[1],,384PP_Dest,F15,952.5,952.5,,,14.342,13.389,98.947,Percent,DMSO,
2019-12-20 13:54:43.003,Source[1],,384PP_DMSO2,A9,Destination[1],,384PP_Dest,G15,555,555,,,14.342,12.834,98.947,Percent,DMSO,
2019-12-20 13:54:44.314,Source[1],,384PP_DMSO2,A9,Destination[1],,384PP_Dest,G16,555,555,,,14.342,12.279,98.947,Percent,DMSO,
2019-12-20 13:54:45.624,Source[1],,384PP_DMSO2,A9,Destination[1],,384PP_Dest,F16,952.5,952.5,,,14.342,11.327,98.947,Percent,DMSO,
2019-12-20 13:54:47.729,Source[1],,384PP_DMSO2,A10,Destination[1],,384PP_Dest,I16,1500,1500,,,45.452,43.952,99.449,Percent,DMSO,
2019-12-20 13:54:51.045,Source[1],,384PP_DMSO2,A10,Destination[1],,384PP_Dest,J16,1495,1495,,,45.452,42.457,99.449,Percent,DMSO,
2019-12-20 13:54:54.238,Source[1],,384PP_DMSO2,A10,Destination[1],,384PP_Dest,K16,1465,1465,,,45.452,40.992,99.449,Percent,DMSO,
2019-12-20 13:54:57.371,Source[1],,384PP_DMSO2,A10,Destination[1],,384PP_Dest,K15,1465,1465,,,45.452,39.527,99.449,Percent,DMSO,
2019-12-20 13:55:00.504,Source[1],,384PP_DMSO2,A10,Destination[1],,384PP_Dest,J15,1495,1495,,,45.452,38.032,99.449,Percent,DMSO,
2019-12-20 13:55:03.699,Source[1],,384PP_DMSO2,A10,Destination[1],,384PP_Dest,I15,1500,1500,,,45.452,36.532,99.449,Percent,DMSO,
2019-12-20 13:55:06.903,Source[1],,384PP_DMSO2,B4,Destination[1],,384PP_Dest,H15,1500,1500,,,33.147,31.647,91.822,Percent,DMSO,
2019-12-20 13:55:10.537,Source[1],,384PP_DMSO2,B4,Destination[1],,384PP_Dest,G15,945,945,,,33.147,30.702,91.822,Percent,DMSO,
2019-12-20 13:55:12.553,Source[1],,384PP_DMSO2,B4,Destination[1],,384PP_Dest,G16,945,945,,,33.147,29.757,91.822,Percent,DMSO,
2019-12-20 13:55:14.643,Source[1],,384PP_DMSO2,B4,Destination[1],,384PP_Dest,F16,547.5,547.5,,,33.147,29.209,91.822,Percent,DMSO,
2019-12-20 13:55:15.938,Source[1],,384PP_DMSO2,B4,Destination[1],,384PP_Dest,H16,1500,1500,,,33.147,27.709,91.822,Percent,DMSO,
2019-12-20 13:55:19.175,Source[1],,384PP_DMSO2,B4,Destination[1],,384PP_Dest,J16,5,5,,,33.147,27.704,91.822,Percent,DMSO,
2019-12-20 13:55:19.354,Source[1],,384PP_DMSO2,B4,Destination[1],,384PP_Dest,K16,35,35,,,33.147,27.669,91.822,Percent,DMSO,
2019-12-20 13:55:19.624,Source[1],,384PP_DMSO2,B4,Destination[1],,384PP_Dest,K15,35,35,,,33.147,27.634,91.822,Percent,DMSO,
2019-12-20 13:55:19.893,Source[1],,384PP_DMSO2,B4,Destination[1],,384PP_Dest,J15,5,5,,,33.147,27.629,91.822,Percent,DMSO,
2019-12-20 13:55:20.103,Source[1],,384PP_DMSO2,B4,Destination[1],,384PP_Dest,L15,117.5,117.5,,,33.147,27.512,91.822,Percent,DMSO,
2019-12-20 13:55:38.352,Source[1],,384PP_DMSO2,A10,Destination[1],,384PP_Dest,L15,1382.5,1382.5,,,35.489,34.106,99.701,Percent,DMSO,
2019-12-20 13:55:41.841,Source[1],,384PP_DMSO2,A10,Destination[1],,384PP_Dest,M15,1220,1220,,,35.489,32.886,99.701,Percent,DMSO,
2019-12-20 13:55:44.485,Source[1],,384PP_DMSO2,A10,Destination[1],,384PP_Dest,N15,952.5,952.5,,,35.489,31.934,99.701,Percent,DMSO,
2019-12-20 13:55:46.514,Source[1],,384PP_DMSO2,A10,Destination[1],,384PP_Dest,O15,555,555,,,35.489,31.379,99.701,Percent,DMSO,
2019-12-20 13:55:47.823,Source[1],,384PP_DMSO2,A10,Destination[1],,384PP_Dest,O16,555,555,,,35.489,30.824,99.701,Percent,DMSO,
2019-12-20 13:55:49.132,Source[1],,384PP_DMSO2,A10,Destination[1],,384PP_Dest,N16,952.5,952.5,,,35.489,29.871,99.701,Percent,DMSO,
2019-12-20 13:55:51.236,Source[1],,384PP_DMSO2,A10,Destination[1],,384PP_Dest,M16,1220,1220,,,35.489,28.651,99.701,Percent,DMSO,
2019-12-20 13:55:53.955,Source[1],,384PP_DMSO2,A10,Destination[1],,384PP_Dest,L16,1382.5,1382.5,,,35.489,27.269,99.701,Percent,DMSO,
2019-12-20 13:55:56.924,Source[1],,384PP_DMSO2,A11,Destination[1],,384PP_Dest,C17,1952.5,1952.5,,,38.688,36.735,99.01,Percent,DMSO,
2019-12-20 13:56:01.367,Source[1],,384PP_DMSO2,A11,Destination[1],,384PP_Dest,B17,1995,1995,,,38.688,34.74,99.01,Percent,DMSO,
2019-12-20 13:56:05.561,Source[1],,384PP_DMSO2,A11,Destination[1],,384PP_Dest,A17,2000,2000,,,38.688,32.74,99.01,Percent,DMSO,
2019-12-20 13:56:09.765,Source[1],,384PP_DMSO2,A11,Destination[1],,384PP_Dest,A18,2000,2000,,,38.688,30.74,99.01,Percent,DMSO,
2019-12-20 13:56:13.970,Source[1],,384PP_DMSO2,A11,Destination[1],,384PP_Dest,B18,1995,1995,,,38.688,28.745,99.01,Percent,DMSO,
2019-12-20 13:56:18.163,Source[1],,384PP_DMSO2,B5,Destination[1],,384PP_Dest,B18,5,5,,,34.93,34.925,91.879,Percent,DMSO,
2019-12-20 13:56:18.769,Source[1],,384PP_DMSO2,B5,Destination[1],,384PP_Dest,C18,47.5,47.5,,,34.93,34.877,91.879,Percent,DMSO,
2019-12-20 13:56:19.064,Source[1],,384PP_DMSO2,B5,Destination[1],,384PP_Dest,C17,47.5,47.5,,,34.93,34.83,91.879,Percent,DMSO,
2019-12-20 13:56:19.359,Source[1],,384PP_DMSO2,B5,Destination[1],,384PP_Dest,B17,5,5,,,34.93,34.825,91.879,Percent,DMSO,
2019-12-20 13:56:19.569,Source[1],,384PP_DMSO2,B4,Destination[1],,384PP_Dest,L16,117.5,117.5,,,27.194,27.076,91.822,Percent,DMSO,
2019-12-20 13:56:20.339,Source[1],,384PP_DMSO2,B4,Destination[1],,384PP_Dest,M16,280,280,,,27.194,26.796,91.822,Percent,DMSO,
2019-12-20 13:56:21.099,Source[1],,384PP_DMSO2,B4,Destination[1],,384PP_Dest,N16,547.5,547.5,,,27.194,26.249,91.822,Percent,DMSO,
2019-12-20 13:56:22.394,Source[1],,384PP_DMSO2,B4,Destination[1],,384PP_Dest,O16,945,945,,,27.194,25.304,91.822,Percent,DMSO,
2019-12-20 13:56:24.483,Source[1],,384PP_DMSO2,B4,Destination[1],,384PP_Dest,P16,1500,1500,,,27.194,23.804,91.822,Percent,DMSO,
2019-12-20 13:56:27.762,Source[1],,384PP_DMSO2,B4,Destination[1],,384PP_Dest,P15,1500,1500,,,27.194,22.304,91.822,Percent,DMSO,
2019-12-20 13:56:30.967,Source[1],,384PP_DMSO2,B4,Destination[1],,384PP_Dest,O15,945,945,,,27.194,21.359,91.822,Percent,DMSO,
2019-12-20 13:56:32.983,Source[1],,384PP_DMSO2,B4,Destination[1],,384PP_Dest,N15,547.5,547.5,,,27.194,20.811,91.822,Percent,DMSO,
2019-12-20 13:56:34.281,Source[1],,384PP_DMSO2,B4,Destination[1],,384PP_Dest,M15,280,280,,,27.194,20.531,91.822,Percent,DMSO,
2019-12-20 13:56:52.339,Source[1],,384PP_DMSO2,A11,Destination[1],,384PP_Dest,C18,1952.5,1952.5,,,27.573,25.62,98.713,Percent,DMSO,
2019-12-20 13:56:56.967,Source[1],,384PP_DMSO2,A11,Destination[1],,384PP_Dest,D18,1842.5,1842.5,,,27.573,23.778,98.713,Percent,DMSO,
2019-12-20 13:57:00.856,Source[1],,384PP_DMSO2,A11,Destination[1],,384PP_Dest,E18,1627.5,1627.5,,,27.573,22.15,98.713,Percent,DMSO,
2019-12-20 13:57:04.315,Source[1],,384PP_DMSO2,A11,Destination[1],,384PP_Dest,E17,1627.5,1627.5,,,27.573,20.523,98.713,Percent,DMSO,
2019-12-20 13:57:07.774,Source[1],,384PP_DMSO2,A11,Destination[1],,384PP_Dest,D17,1842.5,1842.5,,,27.573,18.68,98.713,Percent,DMSO,
2019-12-20 13:57:11.662,Source[1],,384PP_DMSO2,B5,Destination[1],,384PP_Dest,D17,157.5,157.5,,,34.821,34.663,92.156,Percent,DMSO,
2019-12-20 13:57:12.571,Source[1],,384PP_DMSO2,B5,Destination[1],,384PP_Dest,E17,372.5,372.5,,,34.821,34.291,92.156,Percent,DMSO,
2019-12-20 13:57:13.516,Source[1],,384PP_DMSO2,B5,Destination[1],,384PP_Dest,F17,730,730,,,34.821,33.561,92.156,Percent,DMSO,
2019-12-20 13:57:15.175,Source[1],,384PP_DMSO2,B5,Destination[1],,384PP_Dest,E18,372.5,372.5,,,34.821,33.188,92.156,Percent,DMSO,
2019-12-20 13:57:16.119,Source[1],,384PP_DMSO2,B5,Destination[1],,384PP_Dest,D18,157.5,157.5,,,34.821,33.031,92.156,Percent,DMSO,
2019-12-20 13:57:33.995,Source[1],,384PP_DMSO2,A11,Destination[1],,384PP_Dest,F17,1270,1270,,,18.109,16.839,98.983,Percent,DMSO,
2019-12-20 13:57:37.257,Source[1],,384PP_DMSO2,A11,Destination[1],,384PP_Dest,G17,740,740,,,18.109,16.099,98.983,Percent,DMSO,
2019-12-20 13:57:38.862,Source[1],,384PP_DMSO2,A11,Destination[1],,384PP_Dest,G18,740,740,,,18.109,15.359,98.983,Percent,DMSO,
2019-12-20 13:57:40.542,Source[1],,384PP_DMSO2,A11,Destination[1],,384PP_Dest,F18,1270,1270,,,18.109,14.089,98.983,Percent,DMSO,
2019-12-20 13:57:43.362,Source[1],,384PP_DMSO2,A12,Destination[1],,384PP_Dest,I18,2000,2000,,,40.072,38.072,97.903,Percent,DMSO,
2019-12-20 13:57:47.638,Source[1],,384PP_DMSO2,A12,Destination[1],,384PP_Dest,J18,1995,1995,,,40.072,36.077,97.903,Percent,DMSO,
2019-12-20 13:57:51.832,Source[1],,384PP_DMSO2,A12,Destination[1],,384PP_Dest,J17,1995,1995,,,40.072,34.082,97.903,Percent,DMSO,
2019-12-20 13:57:56.026,Source[1],,384PP_DMSO2,A12,Destination[1],,384PP_Dest,I17,2000,2000,,,40.072,32.082,97.903,Percent,DMSO,
2019-12-20 13:58:00.230,Source[1],,384PP_DMSO2,A12,Destination[1],,384PP_Dest,K17,1952.5,1952.5,,,40.072,30.129,97.903,Percent,DMSO,
2019-12-20 13:58:04.343,Source[1],,384PP_DMSO2,B5,Destination[1],,384PP_Dest,K17,47.5,47.5,,,32.771,32.723,91.785,Percent,DMSO,
2019-12-20 13:58:05.124,Source[1],,384PP_DMSO2,B5,Destination[1],,384PP_Dest,J17,5,5,,,32.771,32.718,91.785,Percent,DMSO,
2019-12-20 13:58:05.334,Source[1],,384PP_DMSO2,B5,Destination[1],,384PP_Dest,J18,5,5,,,32.771,32.713,91.785,Percent,DMSO,
2019-12-20 13:58:05.543,Source[1],,384PP_DMSO2,B5,Destination[1],,384PP_Dest,K18,47.5,47.5,,,32.771,32.666,91.785,Percent,DMSO,
2019-12-20 13:58:05.838,Source[1],,384PP_DMSO2,B5,Destination[1],,384PP_Dest,H18,2000,2000,,,32.771,30.666,91.785,Percent,DMSO,
2019-12-20 13:58:10.092,Source[1],,384PP_DMSO2,B5,Destination[1],,384PP_Dest,G18,1260,1260,,,32.771,29.406,91.785,Percent,DMSO,
2019-12-20 13:58:12.816,Source[1],,384PP_DMSO2,B5,Destination[1],,384PP_Dest,F18,730,730,,,32.771,28.676,91.785,Percent,DMSO,
2019-12-20 13:58:14.403,Source[1],,384PP_DMSO2,B5,Destination[1],,384PP_Dest,G17,1260,1260,,,32.771,27.416,91.785,Percent,DMSO,
2019-12-20 13:58:17.199,Source[1],,384PP_DMSO2,B5,Destination[1],,384PP_Dest,H17,2000,2000,,,32.771,25.416,91.785,Percent,DMSO,
2019-12-20 13:58:38.777,Source[1],,384PP_DMSO2,A12,Destination[1],,384PP_Dest,K18,1952.5,1952.5,,,28.908,26.956,97.557,Percent,DMSO,
2019-12-20 13:58:43.493,Source[1],,384PP_DMSO2,A12,Destination[1],,384PP_Dest,L18,1842.5,1842.5,,,28.908,25.113,97.557,Percent,DMSO,
2019-12-20 13:58:47.382,Source[1],,384PP_DMSO2,A12,Destination[1],,384PP_Dest,M18,1627.5,1627.5,,,28.908,23.486,97.557,Percent,DMSO,
2019-12-20 13:58:50.842,Source[1],,384PP_DMSO2,A12,Destination[1],,384PP_Dest,M17,1627.5,1627.5,,,28.908,21.858,97.557,Percent,DMSO,
2019-12-20 13:58:54.301,Source[1],,384PP_DMSO2,A12,Destination[1],,384PP_Dest,L17,1842.5,1842.5,,,28.908,20.016,97.557,Percent,DMSO,
2019-12-20 13:58:58.190,Source[1],,384PP_DMSO2,B5,Destination[1],,384PP_Dest,L17,157.5,157.5,,,24.999,24.841,90.748,Percent,DMSO,
2019-12-20 13:58:59.189,Source[1],,384PP_DMSO2,B5,Destination[1],,384PP_Dest,M17,372.5,372.5,,,24.999,24.469,90.748,Percent,DMSO,
2019-12-20 13:59:00.134,Source[1],,384PP_DMSO2,B5,Destination[1],,384PP_Dest,N17,730,730,,,24.999,23.739,90.748,Percent,DMSO,
2019-12-20 13:59:01.793,Source[1],,384PP_DMSO2,B5,Destination[1],,384PP_Dest,M18,372.5,372.5,,,24.999,23.366,90.748,Percent,DMSO,
2019-12-20 13:59:02.738,Source[1],,384PP_DMSO2,B5,Destination[1],,384PP_Dest,L18,157.5,157.5,,,24.999,23.209,90.748,Percent,DMSO,
2019-12-20 13:59:20.556,Source[1],,384PP_DMSO2,A12,Destination[1],,384PP_Dest,N17,1270,1270,,,19.331,18.061,97.883,Percent,DMSO,
2019-12-20 13:59:23.909,Source[1],,384PP_DMSO2,A12,Destination[1],,384PP_Dest,O17,740,740,,,19.331,17.321,97.883,Percent,DMSO,
2019-12-20 13:59:25.514,Source[1],,384PP_DMSO2,A12,Destination[1],,384PP_Dest,O18,740,740,,,19.331,16.581,97.883,Percent,DMSO,
2019-12-20 13:59:27.193,Source[1],,384PP_DMSO2,A12,Destination[1],,384PP_Dest,N18,1270,1270,,,19.331,15.311,97.883,Percent,DMSO,
2019-12-20 13:59:30.011,Source[1],,384PP_DMSO2,A13,Destination[1],,384PP_Dest,C19,1952.5,1952.5,,,39.665,37.713,98.064,Percent,DMSO,
2019-12-20 13:59:34.533,Source[1],,384PP_DMSO2,A13,Destination[1],,384PP_Dest,B19,1995,1995,,,39.665,35.718,98.064,Percent,DMSO,
2019-12-20 13:59:38.727,Source[1],,384PP_DMSO2,A13,Destination[1],,384PP_Dest,A19,2000,2000,,,39.665,33.718,98.064,Percent,DMSO,
2019-12-20 13:59:42.932,Source[1],,384PP_DMSO2,A13,Destination[1],,384PP_Dest,A20,2000,2000,,,39.665,31.718,98.064,Percent,DMSO,
2019-12-20 13:59:47.136,Source[1],,384PP_DMSO2,A13,Destination[1],,384PP_Dest,B20,1995,1995,,,39.665,29.723,98.064,Percent,DMSO,
2019-12-20 13:59:51.330,Source[1],,384PP_DMSO2,B5,Destination[1],,384PP_Dest,B20,5,5,,,23.06,23.055,92.125,Percent,DMSO,
2019-12-20 13:59:52.115,Source[1],,384PP_DMSO2,B5,Destination[1],,384PP_Dest,C20,47.5,47.5,,,23.06,23.007,92.125,Percent,DMSO,
2019-12-20 13:59:52.410,Source[1],,384PP_DMSO2,B5,Destination[1],,384PP_Dest,C19,47.5,47.5,,,23.06,22.96,92.125,Percent,DMSO,
2019-12-20 13:59:52.704,Source[1],,384PP_DMSO2,B5,Destination[1],,384PP_Dest,B19,5,5,,,23.06,22.955,92.125,Percent,DMSO,
2019-12-20 13:59:52.914,Source[1],,384PP_DMSO2,B5,Destination[1],,384PP_Dest,N18,730,730,,,23.06,22.225,92.125,Percent,DMSO,
2019-12-20 13:59:54.993,Source[1],,384PP_DMSO2,B5,Destination[1],,384PP_Dest,O18,1260,1260,,,23.06,20.965,92.125,Percent,DMSO,
2019-12-20 13:59:57.791,Source[1],,384PP_DMSO2,B5,Destination[1],,384PP_Dest,P18,2000,2000,,,23.06,18.965,92.125,Percent,DMSO,
2019-12-20 14:00:01.995,Source[1],,384PP_DMSO2,B5,Destination[1],,384PP_Dest,P17,2000,2000,,,23.06,16.965,92.125,Percent,DMSO,
2019-12-20 14:00:06.198,Source[1],,384PP_DMSO2,B5,Destination[1],,384PP_Dest,O17,1260,1260,,,23.06,15.705,92.125,Percent,DMSO,
2019-12-20 14:00:26.172,Source[1],,384PP_DMSO2,A13,Destination[1],,384PP_Dest,C20,1952.5,1952.5,,,28.876,26.924,97.749,Percent,DMSO,
2019-12-20 14:00:30.981,Source[1],,384PP_DMSO2,A13,Destination[1],,384PP_Dest,D20,1842.5,1842.5,,,28.876,25.081,97.749,Percent,DMSO,
2019-12-20 14:00:34.871,Source[1],,384PP_DMSO2,A13,Destination[1],,384PP_Dest,E20,1627.5,1627.5,,,28.876,23.454,97.749,Percent,DMSO,
2019-12-20 14:00:38.330,Source[1],,384PP_DMSO2,A13,Destination[1],,384PP_Dest,E19,1627.5,1627.5,,,28.876,21.826,97.749,Percent,DMSO,
2019-12-20 14:00:41.789,Source[1],,384PP_DMSO2,A13,Destination[1],,384PP_Dest,D19,1842.5,1842.5,,,28.876,19.984,97.749,Percent,DMSO,
2019-12-20 14:00:45.677,Source[1],,384PP_DMSO2,B5,Destination[1],,384PP_Dest,D19,157.5,157.5,,,14.749,14.591,91.058,Percent,DMSO,
2019-12-20 14:00:46.767,Source[1],,384PP_DMSO2,B5,Destination[1],,384PP_Dest,E19,372.5,372.5,,,14.749,14.219,91.058,Percent,DMSO,
2019-12-20 14:00:47.712,Source[1],,384PP_DMSO2,B5,Destination[1],,384PP_Dest,F19,730,730,,,14.749,13.489,91.058,Percent,DMSO,
2019-12-20 14:00:49.371,Source[1],,384PP_DMSO2,B5,Destination[1],,384PP_Dest,E20,372.5,372.5,,,14.749,13.116,91.058,Percent,DMSO,
2019-12-20 14:00:50.316,Source[1],,384PP_DMSO2,B5,Destination[1],,384PP_Dest,D20,157.5,157.5,,,14.749,12.959,91.058,Percent,DMSO,
2019-12-20 14:01:08.038,Source[1],,384PP_DMSO2,A13,Destination[1],,384PP_Dest,F19,1270,1270,,,19.348,18.078,98.064,Percent,DMSO,
2019-12-20 14:01:11.481,Source[1],,384PP_DMSO2,A13,Destination[1],,384PP_Dest,G19,740,740,,,19.348,17.338,98.064,Percent,DMSO,
2019-12-20 14:01:13.086,Source[1],,384PP_DMSO2,A13,Destination[1],,384PP_Dest,G20,740,740,,,19.348,16.598,98.064,Percent,DMSO,
2019-12-20 14:01:14.766,Source[1],,384PP_DMSO2,A13,Destination[1],,384PP_Dest,F20,1270,1270,,,19.348,15.328,98.064,Percent,DMSO,
2019-12-20 14:01:17.582,Source[1],,384PP_DMSO2,A14,Destination[1],,384PP_Dest,I20,2000,2000,,,39.114,37.114,99.428,Percent,DMSO,
2019-12-20 14:01:21.840,Source[1],,384PP_DMSO2,A14,Destination[1],,384PP_Dest,J20,1995,1995,,,39.114,35.119,99.428,Percent,DMSO,
2019-12-20 14:01:26.036,Source[1],,384PP_DMSO2,A14,Destination[1],,384PP_Dest,J19,1995,1995,,,39.114,33.124,99.428,Percent,DMSO,
2019-12-20 14:01:30.230,Source[1],,384PP_DMSO2,A14,Destination[1],,384PP_Dest,I19,2000,2000,,,39.114,31.124,99.428,Percent,DMSO,
2019-12-20 14:01:34.434,Source[1],,384PP_DMSO2,A14,Destination[1],,384PP_Dest,K19,1952.5,1952.5,,,39.114,29.171,99.428,Percent,DMSO,
2019-12-20 14:01:38.547,Source[1],,384PP_DMSO2,B6,Destination[1],,384PP_Dest,K19,47.5,47.5,,,43.06,43.012,90.94,Percent,DMSO,
2019-12-20 14:01:39.415,Source[1],,384PP_DMSO2,B6,Destination[1],,384PP_Dest,J19,5,5,,,43.06,43.007,90.94,Percent,DMSO,
2019-12-20 14:01:39.624,Source[1],,384PP_DMSO2,B6,Destination[1],,384PP_Dest,J20,5,5,,,43.06,43.002,90.94,Percent,DMSO,
2019-12-20 14:01:39.833,Source[1],,384PP_DMSO2,B6,Destination[1],,384PP_Dest,K20,47.5,47.5,,,43.06,42.955,90.94,Percent,DMSO,
2019-12-20 14:01:40.127,Source[1],,384PP_DMSO2,B6,Destination[1],,384PP_Dest,H20,2000,2000,,,43.06,40.955,90.94,Percent,DMSO,
2019-12-20 14:01:44.380,Source[1],,384PP_DMSO2,B6,Destination[1],,384PP_Dest,H19,2000,2000,,,43.06,38.955,90.94,Percent,DMSO,
2019-12-20 14:01:48.584,Source[1],,384PP_DMSO2,B5,Destination[1],,384PP_Dest,G19,1260,1260,,,12.147,10.887,91.131,Percent,DMSO,
2019-12-20 14:01:51.390,Source[1],,384PP_DMSO2,B5,Destination[1],,384PP_Dest,G20,1260,1260,,,12.147,9.627,91.131,Percent,DMSO,
2019-12-20 14:01:54.114,Source[1],,384PP_DMSO2,B5,Destination[1],,384PP_Dest,F20,730,730,,,12.147,8.897,91.131,Percent,DMSO,
2019-12-20 14:02:12.534,Source[1],,384PP_DMSO2,A14,Destination[1],,384PP_Dest,K20,1952.5,1952.5,,,28.32,26.367,98.866,Percent,DMSO,
2019-12-20 14:02:17.347,Source[1],,384PP_DMSO2,A14,Destination[1],,384PP_Dest,L20,1842.5,1842.5,,,28.32,24.525,98.866,Percent,DMSO,
2019-12-20 14:02:21.238,Source[1],,384PP_DMSO2,A14,Destination[1],,384PP_Dest,M20,1627.5,1627.5,,,28.32,22.897,98.866,Percent,DMSO,
2019-12-20 14:02:24.697,Source[1],,384PP_DMSO2,A14,Destination[1],,384PP_Dest,M19,1627.5,1627.5,,,28.32,21.27,98.866,Percent,DMSO,
2019-12-20 14:02:28.155,Source[1],,384PP_DMSO2,A14,Destination[1],,384PP_Dest,L19,1842.5,1842.5,,,28.32,19.427,98.866,Percent,DMSO,
2019-12-20 14:02:32.044,Source[1],,384PP_DMSO2,B6,Destination[1],,384PP_Dest,L19,157.5,157.5,,,38.43,38.272,91.604,Percent,DMSO,
2019-12-20 14:02:33.135,Source[1],,384PP_DMSO2,B6,Destination[1],,384PP_Dest,M19,372.5,372.5,,,38.43,37.9,91.604,Percent,DMSO,
2019-12-20 14:02:34.080,Source[1],,384PP_DMSO2,B6,Destination[1],,384PP_Dest,N19,730,730,,,38.43,37.17,91.604,Percent,DMSO,
2019-12-20 14:02:35.740,Source[1],,384PP_DMSO2,B6,Destination[1],,384PP_Dest,M20,372.5,372.5,,,38.43,36.797,91.604,Percent,DMSO,
2019-12-20 14:02:36.685,Source[1],,384PP_DMSO2,B6,Destination[1],,384PP_Dest,L20,157.5,157.5,,,38.43,36.64,91.604,Percent,DMSO,
2019-12-20 14:02:54.138,Source[1],,384PP_DMSO2,A14,Destination[1],,384PP_Dest,N19,1270,1270,,,18.84,17.57,99.133,Percent,DMSO,
2019-12-20 14:02:57.580,Source[1],,384PP_DMSO2,A14,Destination[1],,384PP_Dest,O19,740,740,,,18.84,16.83,99.133,Percent,DMSO,
2019-12-20 14:02:59.185,Source[1],,384PP_DMSO2,A14,Destination[1],,384PP_Dest,O20,740,740,,,18.84,16.09,99.133,Percent,DMSO,
2019-12-20 14:03:00.865,Source[1],,384PP_DMSO2,A14,Destination[1],,384PP_Dest,N20,1270,1270,,,18.84,14.82,99.133,Percent,DMSO,
2019-12-20 14:03:03.683,Source[1],,384PP_DMSO2,A15,Destination[1],,384PP_Dest,C21,1952.5,1952.5,,,39.587,37.635,98.411,Percent,DMSO,
2019-12-20 14:03:08.206,Source[1],,384PP_DMSO2,A15,Destination[1],,384PP_Dest,B21,1995,1995,,,39.587,35.64,98.411,Percent,DMSO,
2019-12-20 14:03:12.400,Source[1],,384PP_DMSO2,A15,Destination[1],,384PP_Dest,A21,2000,2000,,,39.587,33.64,98.411,Percent,DMSO,
2019-12-20 14:03:16.604,Source[1],,384PP_DMSO2,A15,Destination[1],,384PP_Dest,A22,2000,2000,,,39.587,31.64,98.411,Percent,DMSO,
2019-12-20 14:03:20.808,Source[1],,384PP_DMSO2,A15,Destination[1],,384PP_Dest,B22,1995,1995,,,39.587,29.645,98.411,Percent,DMSO,
2019-12-20 14:03:25.002,Source[1],,384PP_DMSO2,B6,Destination[1],,384PP_Dest,B22,5,5,,,36.598,36.593,91.604,Percent,DMSO,
2019-12-20 14:03:25.877,Source[1],,384PP_DMSO2,B6,Destination[1],,384PP_Dest,C22,47.5,47.5,,,36.598,36.545,91.604,Percent,DMSO,
2019-12-20 14:03:26.172,Source[1],,384PP_DMSO2,B6,Destination[1],,384PP_Dest,C21,47.5,47.5,,,36.598,36.498,91.604,Percent,DMSO,
2019-12-20 14:03:26.467,Source[1],,384PP_DMSO2,B6,Destination[1],,384PP_Dest,B21,5,5,,,36.598,36.493,91.604,Percent,DMSO,
2019-12-20 14:03:26.677,Source[1],,384PP_DMSO2,B6,Destination[1],,384PP_Dest,N20,730,730,,,36.598,35.763,91.604,Percent,DMSO,
2019-12-20 14:03:28.759,Source[1],,384PP_DMSO2,B6,Destination[1],,384PP_Dest,O20,1260,1260,,,36.598,34.503,91.604,Percent,DMSO,
2019-12-20 14:03:31.559,Source[1],,384PP_DMSO2,B6,Destination[1],,384PP_Dest,P20,2000,2000,,,36.598,32.503,91.604,Percent,DMSO,
2019-12-20 14:03:35.763,Source[1],,384PP_DMSO2,B6,Destination[1],,384PP_Dest,P19,2000,2000,,,36.598,30.503,91.604,Percent,DMSO,
2019-12-20 14:03:39.967,Source[1],,384PP_DMSO2,B6,Destination[1],,384PP_Dest,O19,1260,1260,,,36.598,29.243,91.604,Percent,DMSO,
2019-12-20 14:03:59.502,Source[1],,384PP_DMSO2,A15,Destination[1],,384PP_Dest,C22,1952.5,1952.5,,,28.523,26.57,99.253,Percent,DMSO,
2019-12-20 14:04:04.400,Source[1],,384PP_DMSO2,A15,Destination[1],,384PP_Dest,D22,1842.5,1842.5,,,28.523,24.728,99.253,Percent,DMSO,
2019-12-20 14:04:08.290,Source[1],,384PP_DMSO2,A15,Destination[1],,384PP_Dest,E22,1627.5,1627.5,,,28.523,23.1,99.253,Percent,DMSO,
2019-12-20 14:04:11.749,Source[1],,384PP_DMSO2,A15,Destination[1],,384PP_Dest,E21,1627.5,1627.5,,,28.523,21.473,99.253,Percent,DMSO,
2019-12-20 14:04:15.207,Source[1],,384PP_DMSO2,A15,Destination[1],,384PP_Dest,D21,1842.5,1842.5,,,28.523,19.63,99.253,Percent,DMSO,
2019-12-20 14:04:19.096,Source[1],,384PP_DMSO2,B6,Destination[1],,384PP_Dest,D21,157.5,157.5,,,28.806,28.648,91.287,Percent,DMSO,
2019-12-20 14:04:20.281,Source[1],,384PP_DMSO2,B6,Destination[1],,384PP_Dest,E21,372.5,372.5,,,28.806,28.276,91.287,Percent,DMSO,
2019-12-20 14:04:21.222,Source[1],,384PP_DMSO2,B6,Destination[1],,384PP_Dest,F21,730,730,,,28.806,27.546,91.287,Percent,DMSO,
2019-12-20 14:04:22.881,Source[1],,384PP_DMSO2,B6,Destination[1],,384PP_Dest,E22,372.5,372.5,,,28.806,27.173,91.287,Percent,DMSO,
2019-12-20 14:04:23.826,Source[1],,384PP_DMSO2,B6,Destination[1],,384PP_Dest,D22,157.5,157.5,,,28.806,27.016,91.287,Percent,DMSO,
2019-12-20 14:04:41.232,Source[1],,384PP_DMSO2,A15,Destination[1],,384PP_Dest,F21,1270,1270,,,18.883,17.613,99.021,Percent,DMSO,
2019-12-20 14:04:44.762,Source[1],,384PP_DMSO2,A15,Destination[1],,384PP_Dest,G21,740,740,,,18.883,16.873,99.021,Percent,DMSO,
2019-12-20 14:04:46.369,Source[1],,384PP_DMSO2,A15,Destination[1],,384PP_Dest,G22,740,740,,,18.883,16.133,99.021,Percent,DMSO,
2019-12-20 14:04:48.049,Source[1],,384PP_DMSO2,A15,Destination[1],,384PP_Dest,F22,1270,1270,,,18.883,14.863,99.021,Percent,DMSO,
2019-12-20 14:04:50.866,Source[1],,384PP_DMSO2,A16,Destination[1],,384PP_Dest,I22,2000,2000,,,39.714,37.714,98.757,Percent,DMSO,
2019-12-20 14:04:55.138,Source[1],,384PP_DMSO2,A16,Destination[1],,384PP_Dest,J22,1995,1995,,,39.714,35.719,98.757,Percent,DMSO,
2019-12-20 14:04:59.332,Source[1],,384PP_DMSO2,A16,Destination[1],,384PP_Dest,J21,1995,1995,,,39.714,33.724,98.757,Percent,DMSO,
2019-12-20 14:05:03.526,Source[1],,384PP_DMSO2,A16,Destination[1],,384PP_Dest,I21,2000,2000,,,39.714,31.724,98.757,Percent,DMSO,
2019-12-20 14:05:07.730,Source[1],,384PP_DMSO2,A16,Destination[1],,384PP_Dest,K21,1952.5,1952.5,,,39.714,29.771,98.757,Percent,DMSO,
2019-12-20 14:05:11.845,Source[1],,384PP_DMSO2,B7,Destination[1],,384PP_Dest,K21,47.5,47.5,,,34.164,34.116,91.979,Percent,DMSO,
2019-12-20 14:05:12.803,Source[1],,384PP_DMSO2,B7,Destination[1],,384PP_Dest,J21,5,5,,,34.164,34.111,91.979,Percent,DMSO,
2019-12-20 14:05:13.013,Source[1],,384PP_DMSO2,B7,Destination[1],,384PP_Dest,J22,5,5,,,34.164,34.106,91.979,Percent,DMSO,
2019-12-20 14:05:13.223,Source[1],,384PP_DMSO2,B7,Destination[1],,384PP_Dest,K22,47.5,47.5,,,34.164,34.059,91.979,Percent,DMSO,
2019-12-20 14:05:13.519,Source[1],,384PP_DMSO2,B6,Destination[1],,384PP_Dest,H22,2000,2000,,,26.952,24.952,91.287,Percent,DMSO,
2019-12-20 14:05:17.778,Source[1],,384PP_DMSO2,B6,Destination[1],,384PP_Dest,G22,1260,1260,,,26.952,23.692,91.287,Percent,DMSO,
2019-12-20 14:05:20.502,Source[1],,384PP_DMSO2,B6,Destination[1],,384PP_Dest,F22,730,730,,,26.952,22.962,91.287,Percent,DMSO,
2019-12-20 14:05:22.087,Source[1],,384PP_DMSO2,B6,Destination[1],,384PP_Dest,G21,1260,1260,,,26.952,21.702,91.287,Percent,DMSO,
2019-12-20 14:05:24.881,Source[1],,384PP_DMSO2,B6,Destination[1],,384PP_Dest,H21,2000,2000,,,26.952,19.702,91.287,Percent,DMSO,
2019-12-20 14:05:45.340,Source[1],,384PP_DMSO2,A16,Destination[1],,384PP_Dest,K22,1952.5,1952.5,,,28.634,26.681,98.728,Percent,DMSO,
2019-12-20 14:05:50.240,Source[1],,384PP_DMSO2,A16,Destination[1],,384PP_Dest,L22,1842.5,1842.5,,,28.634,24.839,98.728,Percent,DMSO,
2019-12-20 14:05:54.129,Source[1],,384PP_DMSO2,A16,Destination[1],,384PP_Dest,M22,1627.5,1627.5,,,28.634,23.211,98.728,Percent,DMSO,
2019-12-20 14:05:57.588,Source[1],,384PP_DMSO2,A16,Destination[1],,384PP_Dest,M21,1627.5,1627.5,,,28.634,21.584,98.728,Percent,DMSO,
2019-12-20 14:06:01.047,Source[1],,384PP_DMSO2,A16,Destination[1],,384PP_Dest,L21,1842.5,1842.5,,,28.634,19.741,98.728,Percent,DMSO,
2019-12-20 14:06:04.936,Source[1],,384PP_DMSO2,B7,Destination[1],,384PP_Dest,L21,157.5,157.5,,,33.989,33.831,91.576,Percent,DMSO,
2019-12-20 14:06:06.116,Source[1],,384PP_DMSO2,B7,Destination[1],,384PP_Dest,M21,372.5,372.5,,,33.989,33.459,91.576,Percent,DMSO,
2019-12-20 14:06:07.060,Source[1],,384PP_DMSO2,B7,Destination[1],,384PP_Dest,N21,730,730,,,33.989,32.729,91.576,Percent,DMSO,
2019-12-20 14:06:08.720,Source[1],,384PP_DMSO2,B7,Destination[1],,384PP_Dest,M22,372.5,372.5,,,33.989,32.356,91.576,Percent,DMSO,
2019-12-20 14:06:09.664,Source[1],,384PP_DMSO2,B7,Destination[1],,384PP_Dest,L22,157.5,157.5,,,33.989,32.199,91.576,Percent,DMSO,
2019-12-20 14:06:26.568,Source[1],,384PP_DMSO2,A16,Destination[1],,384PP_Dest,N21,1270,1270,,,18.876,17.606,98.129,Percent,DMSO,
2019-12-20 14:06:30.098,Source[1],,384PP_DMSO2,A16,Destination[1],,384PP_Dest,O21,740,740,,,18.876,16.866,98.129,Percent,DMSO,
2019-12-20 14:06:31.703,Source[1],,384PP_DMSO2,A16,Destination[1],,384PP_Dest,O22,740,740,,,18.876,16.126,98.129,Percent,DMSO,
2019-12-20 14:06:33.382,Source[1],,384PP_DMSO2,A16,Destination[1],,384PP_Dest,N22,1270,1270,,,18.876,14.856,98.129,Percent,DMSO,
2019-12-20 14:06:36.200,Source[1],,384PP_DMSO2,A17,Destination[1],,384PP_Dest,C23,1952.5,1952.5,,,40.314,38.362,97.384,Percent,DMSO,
2019-12-20 14:06:40.725,Source[1],,384PP_DMSO2,A17,Destination[1],,384PP_Dest,B23,1995,1995,,,40.314,36.367,97.384,Percent,DMSO,
2019-12-20 14:06:44.919,Source[1],,384PP_DMSO2,A17,Destination[1],,384PP_Dest,A23,2000,2000,,,40.314,34.367,97.384,Percent,DMSO,
2019-12-20 14:06:49.123,Source[1],,384PP_DMSO2,A17,Destination[1],,384PP_Dest,A24,2000,2000,,,40.314,32.367,97.384,Percent,DMSO,
2019-12-20 14:06:53.327,Source[1],,384PP_DMSO2,A17,Destination[1],,384PP_Dest,B24,1995,1995,,,40.314,30.372,97.384,Percent,DMSO,
2019-12-20 14:06:57.521,Source[1],,384PP_DMSO2,B7,Destination[1],,384PP_Dest,B24,5,5,,,31.94,31.935,91.919,Percent,DMSO,
2019-12-20 14:06:58.485,Source[1],,384PP_DMSO2,B7,Destination[1],,384PP_Dest,C24,47.5,47.5,,,31.94,31.887,91.919,Percent,DMSO,
2019-12-20 14:06:58.780,Source[1],,384PP_DMSO2,B7,Destination[1],,384PP_Dest,C23,47.5,47.5,,,31.94,31.84,91.919,Percent,DMSO,
2019-12-20 14:06:59.075,Source[1],,384PP_DMSO2,B7,Destination[1],,384PP_Dest,B23,5,5,,,31.94,31.835,91.919,Percent,DMSO,
2019-12-20 14:06:59.285,Source[1],,384PP_DMSO2,B7,Destination[1],,384PP_Dest,N22,730,730,,,31.94,31.105,91.919,Percent,DMSO,
2019-12-20 14:07:01.365,Source[1],,384PP_DMSO2,B7,Destination[1],,384PP_Dest,O22,1260,1260,,,31.94,29.845,91.919,Percent,DMSO,
2019-12-20 14:07:04.162,Source[1],,384PP_DMSO2,B7,Destination[1],,384PP_Dest,P22,2000,2000,,,31.94,27.845,91.919,Percent,DMSO,
2019-12-20 14:07:08.366,Source[1],,384PP_DMSO2,B7,Destination[1],,384PP_Dest,P21,2000,2000,,,31.94,25.845,91.919,Percent,DMSO,
2019-12-20 14:07:12.569,Source[1],,384PP_DMSO2,B7,Destination[1],,384PP_Dest,O21,1260,1260,,,31.94,24.585,91.919,Percent,DMSO,
2019-12-20 14:07:31.646,Source[1],,384PP_DMSO2,A17,Destination[1],,384PP_Dest,C24,1952.5,1952.5,,,29.125,27.173,98.035,Percent,DMSO,
2019-12-20 14:07:36.631,Source[1],,384PP_DMSO2,A17,Destination[1],,384PP_Dest,D24,1842.5,1842.5,,,29.125,25.33,98.035,Percent,DMSO,
2019-12-20 14:07:40.519,Source[1],,384PP_DMSO2,A17,Destination[1],,384PP_Dest,E24,1627.5,1627.5,,,29.125,23.703,98.035,Percent,DMSO,
2019-12-20 14:07:43.977,Source[1],,384PP_DMSO2,A17,Destination[1],,384PP_Dest,E23,1627.5,1627.5,,,29.125,22.075,98.035,Percent,DMSO,
2019-12-20 14:07:47.435,Source[1],,384PP_DMSO2,A17,Destination[1],,384PP_Dest,D23,1842.5,1842.5,,,29.125,20.233,98.035,Percent,DMSO,
2019-12-20 14:07:51.325,Source[1],,384PP_DMSO2,B7,Destination[1],,384PP_Dest,D23,157.5,157.5,,,24.141,23.983,91.906,Percent,DMSO,
2019-12-20 14:07:52.595,Source[1],,384PP_DMSO2,B7,Destination[1],,384PP_Dest,E23,372.5,372.5,,,24.141,23.611,91.906,Percent,DMSO,
2019-12-20 14:07:53.540,Source[1],,384PP_DMSO2,B7,Destination[1],,384PP_Dest,F23,730,730,,,24.141,22.881,91.906,Percent,DMSO,
2019-12-20 14:07:55.200,Source[1],,384PP_DMSO2,B7,Destination[1],,384PP_Dest,E24,372.5,372.5,,,24.141,22.508,91.906,Percent,DMSO,
2019-12-20 14:07:56.144,Source[1],,384PP_DMSO2,B7,Destination[1],,384PP_Dest,D24,157.5,157.5,,,24.141,22.351,91.906,Percent,DMSO,
2019-12-20 14:08:12.941,Source[1],,384PP_DMSO2,A17,Destination[1],,384PP_Dest,F23,1270,1270,,,19.478,18.208,97.69,Percent,DMSO,
2019-12-20 14:08:16.560,Source[1],,384PP_DMSO2,A17,Destination[1],,384PP_Dest,G23,740,740,,,19.478,17.468,97.69,Percent,DMSO,
2019-12-20 14:08:18.165,Source[1],,384PP_DMSO2,A17,Destination[1],,384PP_Dest,G24,740,740,,,19.478,16.728,97.69,Percent,DMSO,
2019-12-20 14:08:19.845,Source[1],,384PP_DMSO2,A17,Destination[1],,384PP_Dest,F24,1270,1270,,,19.478,15.458,97.69,Percent,DMSO,
2019-12-20 14:08:22.662,Source[1],,384PP_DMSO2,A18,Destination[1],,384PP_Dest,I24,2000,2000,,,40.575,38.575,97.444,Percent,DMSO,
2019-12-20 14:08:26.931,Source[1],,384PP_DMSO2,A18,Destination[1],,384PP_Dest,J24,1995,1995,,,40.575,36.58,97.444,Percent,DMSO,
2019-12-20 14:08:31.125,Source[1],,384PP_DMSO2,A18,Destination[1],,384PP_Dest,J23,1995,1995,,,40.575,34.585,97.444,Percent,DMSO,
2019-12-20 14:08:35.319,Source[1],,384PP_DMSO2,A18,Destination[1],,384PP_Dest,I23,2000,2000,,,40.575,32.585,97.444,Percent,DMSO,
2019-12-20 14:08:39.523,Source[1],,384PP_DMSO2,A18,Destination[1],,384PP_Dest,K23,1952.5,1952.5,,,40.575,30.633,97.444,Percent,DMSO,
2019-12-20 14:08:43.637,Source[1],,384PP_DMSO2,B7,Destination[1],,384PP_Dest,K23,47.5,47.5,,,22.284,22.237,91.576,Percent,DMSO,
2019-12-20 14:08:44.774,Source[1],,384PP_DMSO2,B7,Destination[1],,384PP_Dest,J23,5,5,,,22.284,22.232,91.576,Percent,DMSO,
2019-12-20 14:08:44.983,Source[1],,384PP_DMSO2,B7,Destination[1],,384PP_Dest,J24,5,5,,,22.284,22.227,91.576,Percent,DMSO,
2019-12-20 14:08:45.192,Source[1],,384PP_DMSO2,B7,Destination[1],,384PP_Dest,K24,47.5,47.5,,,22.284,22.179,91.576,Percent,DMSO,
2019-12-20 14:08:45.487,Source[1],,384PP_DMSO2,B7,Destination[1],,384PP_Dest,H24,2000,2000,,,22.284,20.179,91.576,Percent,DMSO,
2019-12-20 14:08:49.739,Source[1],,384PP_DMSO2,B7,Destination[1],,384PP_Dest,G24,1260,1260,,,22.284,18.919,91.576,Percent,DMSO,
2019-12-20 14:08:52.463,Source[1],,384PP_DMSO2,B7,Destination[1],,384PP_Dest,F24,730,730,,,22.284,18.189,91.576,Percent,DMSO,
2019-12-20 14:08:54.049,Source[1],,384PP_DMSO2,B7,Destination[1],,384PP_Dest,G23,1260,1260,,,22.284,16.929,91.576,Percent,DMSO,
2019-12-20 14:08:56.843,Source[1],,384PP_DMSO2,B7,Destination[1],,384PP_Dest,H23,2000,2000,,,22.284,14.929,91.576,Percent,DMSO,
2019-12-20 14:09:17.334,Source[1],,384PP_DMSO2,A18,Destination[1],,384PP_Dest,K24,1952.5,1952.5,,,29.657,27.704,97.414,Percent,DMSO,
2019-12-20 14:09:22.411,Source[1],,384PP_DMSO2,A18,Destination[1],,384PP_Dest,L24,1842.5,1842.5,,,29.657,25.862,97.414,Percent,DMSO,
2019-12-20 14:09:26.300,Source[1],,384PP_DMSO2,A18,Destination[1],,384PP_Dest,M24,1627.5,1627.5,,,29.657,24.234,97.414,Percent,DMSO,
2019-12-20 14:09:29.759,Source[1],,384PP_DMSO2,A18,Destination[1],,384PP_Dest,M23,1627.5,1627.5,,,29.657,22.607,97.414,Percent,DMSO,
2019-12-20 14:09:33.218,Source[1],,384PP_DMSO2,A18,Destination[1],,384PP_Dest,L23,1842.5,1842.5,,,29.657,20.764,97.414,Percent,DMSO,
2019-12-20 14:09:37.107,Source[1],,384PP_DMSO2,B7,Destination[1],,384PP_Dest,L23,157.5,157.5,,,13.299,13.142,91.114,Percent,DMSO,
2019-12-20 14:09:38.465,Source[1],,384PP_DMSO2,B7,Destination[1],,384PP_Dest,M23,372.5,372.5,,,13.299,12.769,91.114,Percent,DMSO,
2019-12-20 14:09:39.410,Source[1],,384PP_DMSO2,B7,Destination[1],,384PP_Dest,N23,730,730,,,13.299,12.039,91.114,Percent,DMSO,
2019-12-20 14:09:41.069,Source[1],,384PP_DMSO2,B7,Destination[1],,384PP_Dest,M24,372.5,372.5,,,13.299,11.667,91.114,Percent,DMSO,
2019-12-20 14:09:42.013,Source[1],,384PP_DMSO2,B7,Destination[1],,384PP_Dest,L24,157.5,157.5,,,13.299,11.509,91.114,Percent,DMSO,
2019-12-20 14:09:58.868,Source[1],,384PP_DMSO2,A18,Destination[1],,384PP_Dest,N23,1270,1270,,,20.044,18.774,98.052,Percent,DMSO,
2019-12-20 14:10:02.579,Source[1],,384PP_DMSO2,A18,Destination[1],,384PP_Dest,O23,740,740,,,20.044,18.034,98.052,Percent,DMSO,
2019-12-20 14:10:04.184,Source[1],,384PP_DMSO2,A18,Destination[1],,384PP_Dest,O24,740,740,,,20.044,17.294,98.052,Percent,DMSO,
2019-12-20 14:10:05.864,Source[1],,384PP_DMSO2,A18,Destination[1],,384PP_Dest,N24,1270,1270,,,20.044,16.024,98.052,Percent,DMSO,
2019-12-20 14:10:08.683,Source[1],,384PP_DMSO2,B8,Destination[1],,384PP_Dest,P24,2000,2000,,,62.609,60.609,91.635,Percent,DMSO,
2019-12-20 14:10:13.677,Source[1],,384PP_DMSO2,B8,Destination[1],,384PP_Dest,P23,2000,2000,,,62.609,58.609,91.635,Percent,DMSO,
2019-12-20 14:10:17.881,Source[1],,384PP_DMSO2,B7,Destination[1],,384PP_Dest,O23,1260,1260,,,11.073,9.813,91.893,Percent,DMSO,

Instrument Name,E6XX-19002
Instrument Model,Echo 650
Instrument Serial Number,E6XX-19002
Instrument Software Version,3.0.2

